-- MySQL dump 10.13  Distrib 5.5.40, for debian-linux-gnu (x86_64)
--
-- Host: localhost    Database: vd_development
-- ------------------------------------------------------
-- Server version	5.5.40-0ubuntu0.14.04.1

/*!40101 SET @OLD_CHARACTER_SET_CLIENT=@@CHARACTER_SET_CLIENT */;
/*!40101 SET @OLD_CHARACTER_SET_RESULTS=@@CHARACTER_SET_RESULTS */;
/*!40101 SET @OLD_COLLATION_CONNECTION=@@COLLATION_CONNECTION */;
/*!40101 SET NAMES utf8 */;
/*!40103 SET @OLD_TIME_ZONE=@@TIME_ZONE */;
/*!40103 SET TIME_ZONE='+00:00' */;
/*!40014 SET @OLD_UNIQUE_CHECKS=@@UNIQUE_CHECKS, UNIQUE_CHECKS=0 */;
/*!40014 SET @OLD_FOREIGN_KEY_CHECKS=@@FOREIGN_KEY_CHECKS, FOREIGN_KEY_CHECKS=0 */;
/*!40101 SET @OLD_SQL_MODE=@@SQL_MODE, SQL_MODE='NO_AUTO_VALUE_ON_ZERO' */;
/*!40111 SET @OLD_SQL_NOTES=@@SQL_NOTES, SQL_NOTES=0 */;

--
-- Table structure for table `cart_details`
--

DROP TABLE IF EXISTS `cart_details`;
/*!40101 SET @saved_cs_client     = @@character_set_client */;
/*!40101 SET character_set_client = utf8 */;
CREATE TABLE `cart_details` (
  `id` int(11) NOT NULL AUTO_INCREMENT,
  `id_cart_id` int(11) DEFAULT NULL,
  `id_product_id` int(11) DEFAULT NULL,
  `quantity` int(11) DEFAULT NULL,
  `created_at` datetime NOT NULL,
  `updated_at` datetime NOT NULL,
  PRIMARY KEY (`id`),
  KEY `index_cart_details_on_id_cart_id` (`id_cart_id`) USING BTREE,
  KEY `index_cart_details_on_id_product_id` (`id_product_id`) USING BTREE
) ENGINE=InnoDB AUTO_INCREMENT=6 DEFAULT CHARSET=utf8 COLLATE=utf8_unicode_ci;
/*!40101 SET character_set_client = @saved_cs_client */;

--
-- Dumping data for table `cart_details`
--

LOCK TABLES `cart_details` WRITE;
/*!40000 ALTER TABLE `cart_details` DISABLE KEYS */;
INSERT INTO `cart_details` VALUES (1,4,1,32,'2015-02-09 04:19:09','2015-02-09 04:19:09'),(2,4,5,99,'2015-02-09 04:19:10','2015-02-09 04:19:10'),(3,4,10,29,'2015-02-09 04:19:10','2015-02-09 04:19:10'),(4,5,1,1,'2015-02-09 04:28:12','2015-02-09 04:28:12'),(5,5,2,1,'2015-02-09 04:28:12','2015-02-09 04:28:12');
/*!40000 ALTER TABLE `cart_details` ENABLE KEYS */;
UNLOCK TABLES;

--
-- Table structure for table `carts`
--

DROP TABLE IF EXISTS `carts`;
/*!40101 SET @saved_cs_client     = @@character_set_client */;
/*!40101 SET character_set_client = utf8 */;
CREATE TABLE `carts` (
  `id` int(11) NOT NULL AUTO_INCREMENT,
  `id_cart` int(11) DEFAULT NULL,
  `id_user` int(11) DEFAULT NULL,
  `name` varchar(255) COLLATE utf8_unicode_ci DEFAULT NULL,
  `phone` varchar(255) COLLATE utf8_unicode_ci DEFAULT NULL,
  `email` varchar(255) COLLATE utf8_unicode_ci DEFAULT NULL,
  `address` varchar(255) COLLATE utf8_unicode_ci DEFAULT NULL,
  `status` varchar(255) COLLATE utf8_unicode_ci DEFAULT NULL,
  `created_at` datetime NOT NULL,
  `updated_at` datetime NOT NULL,
  `subtotal` varchar(255) COLLATE utf8_unicode_ci DEFAULT NULL,
  PRIMARY KEY (`id`)
) ENGINE=InnoDB AUTO_INCREMENT=6 DEFAULT CHARSET=utf8 COLLATE=utf8_unicode_ci;
/*!40101 SET character_set_client = @saved_cs_client */;

--
-- Dumping data for table `carts`
--

LOCK TABLES `carts` WRITE;
/*!40000 ALTER TABLE `carts` DISABLE KEYS */;
INSERT INTO `carts` VALUES (1,NULL,NULL,'man','01685524224','haminhman2011@gmail.com','long an','Preparing','2015-02-09 04:15:06','2015-02-09 04:15:06',NULL),(2,NULL,NULL,'man','01685524224','haminhman2011@gmail.com','long an','Preparing','2015-02-09 04:15:59','2015-02-09 04:15:59',NULL),(3,NULL,NULL,'man','01685524224','haminhman2011@gmail.com','long an','Preparing','2015-02-09 04:17:26','2015-02-09 04:17:26',NULL),(4,NULL,NULL,'man','01685524224','haminhman2011@gmail.com','long an','Preparing','2015-02-09 04:19:09','2015-02-09 04:19:09',NULL),(5,NULL,NULL,'','','','','Preparing','2015-02-09 04:28:12','2015-02-09 04:28:12',NULL);
/*!40000 ALTER TABLE `carts` ENABLE KEYS */;
UNLOCK TABLES;

--
-- Table structure for table `categories`
--

DROP TABLE IF EXISTS `categories`;
/*!40101 SET @saved_cs_client     = @@character_set_client */;
/*!40101 SET character_set_client = utf8 */;
CREATE TABLE `categories` (
  `id` int(11) NOT NULL AUTO_INCREMENT,
  `name` varchar(255) COLLATE utf8_unicode_ci DEFAULT NULL,
  `created_at` datetime NOT NULL,
  `updated_at` datetime NOT NULL,
  PRIMARY KEY (`id`)
) ENGINE=InnoDB AUTO_INCREMENT=5 DEFAULT CHARSET=utf8 COLLATE=utf8_unicode_ci;
/*!40101 SET character_set_client = @saved_cs_client */;

--
-- Dumping data for table `categories`
--

LOCK TABLES `categories` WRITE;
/*!40000 ALTER TABLE `categories` DISABLE KEYS */;
INSERT INTO `categories` VALUES (1,'RAM','2015-02-06 06:31:02','2015-02-06 06:31:02'),(2,'VGA','2015-02-06 06:31:06','2015-02-06 06:31:06'),(3,'CPU','2015-02-06 06:31:11','2015-02-06 06:31:11'),(4,'HDD','2015-02-06 06:31:15','2015-02-06 06:31:15');
/*!40000 ALTER TABLE `categories` ENABLE KEYS */;
UNLOCK TABLES;

--
-- Table structure for table `microposts`
--

DROP TABLE IF EXISTS `microposts`;
/*!40101 SET @saved_cs_client     = @@character_set_client */;
/*!40101 SET character_set_client = utf8 */;
CREATE TABLE `microposts` (
  `id` int(11) NOT NULL AUTO_INCREMENT,
  `content` text COLLATE utf8_unicode_ci,
  `user_id` int(11) DEFAULT NULL,
  `created_at` datetime NOT NULL,
  `updated_at` datetime NOT NULL,
  `picture` varchar(255) COLLATE utf8_unicode_ci DEFAULT NULL,
  PRIMARY KEY (`id`),
  KEY `index_microposts_on_user_id_and_created_at` (`user_id`,`created_at`) USING BTREE,
  KEY `index_microposts_on_user_id` (`user_id`) USING BTREE,
  CONSTRAINT `fk_rails_1bf321d4e7` FOREIGN KEY (`user_id`) REFERENCES `users` (`id`)
) ENGINE=InnoDB AUTO_INCREMENT=301 DEFAULT CHARSET=utf8 COLLATE=utf8_unicode_ci;
/*!40101 SET character_set_client = @saved_cs_client */;

--
-- Dumping data for table `microposts`
--

LOCK TABLES `microposts` WRITE;
/*!40000 ALTER TABLE `microposts` DISABLE KEYS */;
INSERT INTO `microposts` VALUES (1,'Eum sint doloremque recusandae quis vel et.',1,'2015-02-06 06:30:44','2015-02-06 06:30:44',NULL),(2,'Eum sint doloremque recusandae quis vel et.',2,'2015-02-06 06:30:44','2015-02-06 06:30:44',NULL),(3,'Eum sint doloremque recusandae quis vel et.',3,'2015-02-06 06:30:45','2015-02-06 06:30:45',NULL),(4,'Eum sint doloremque recusandae quis vel et.',4,'2015-02-06 06:30:45','2015-02-06 06:30:45',NULL),(5,'Eum sint doloremque recusandae quis vel et.',5,'2015-02-06 06:30:45','2015-02-06 06:30:45',NULL),(6,'Eum sint doloremque recusandae quis vel et.',6,'2015-02-06 06:30:45','2015-02-06 06:30:45',NULL),(7,'Quia facilis nobis vel aspernatur.',1,'2015-02-06 06:30:45','2015-02-06 06:30:45',NULL),(8,'Quia facilis nobis vel aspernatur.',2,'2015-02-06 06:30:45','2015-02-06 06:30:45',NULL),(9,'Quia facilis nobis vel aspernatur.',3,'2015-02-06 06:30:45','2015-02-06 06:30:45',NULL),(10,'Quia facilis nobis vel aspernatur.',4,'2015-02-06 06:30:45','2015-02-06 06:30:45',NULL),(11,'Quia facilis nobis vel aspernatur.',5,'2015-02-06 06:30:45','2015-02-06 06:30:45',NULL),(12,'Quia facilis nobis vel aspernatur.',6,'2015-02-06 06:30:45','2015-02-06 06:30:45',NULL),(13,'Reiciendis sed autem veniam recusandae modi aut nulla et non.',1,'2015-02-06 06:30:45','2015-02-06 06:30:45',NULL),(14,'Reiciendis sed autem veniam recusandae modi aut nulla et non.',2,'2015-02-06 06:30:45','2015-02-06 06:30:45',NULL),(15,'Reiciendis sed autem veniam recusandae modi aut nulla et non.',3,'2015-02-06 06:30:45','2015-02-06 06:30:45',NULL),(16,'Reiciendis sed autem veniam recusandae modi aut nulla et non.',4,'2015-02-06 06:30:45','2015-02-06 06:30:45',NULL),(17,'Reiciendis sed autem veniam recusandae modi aut nulla et non.',5,'2015-02-06 06:30:45','2015-02-06 06:30:45',NULL),(18,'Reiciendis sed autem veniam recusandae modi aut nulla et non.',6,'2015-02-06 06:30:45','2015-02-06 06:30:45',NULL),(19,'Harum ipsum iure assumenda quis nobis.',1,'2015-02-06 06:30:45','2015-02-06 06:30:45',NULL),(20,'Harum ipsum iure assumenda quis nobis.',2,'2015-02-06 06:30:45','2015-02-06 06:30:45',NULL),(21,'Harum ipsum iure assumenda quis nobis.',3,'2015-02-06 06:30:45','2015-02-06 06:30:45',NULL),(22,'Harum ipsum iure assumenda quis nobis.',4,'2015-02-06 06:30:45','2015-02-06 06:30:45',NULL),(23,'Harum ipsum iure assumenda quis nobis.',5,'2015-02-06 06:30:46','2015-02-06 06:30:46',NULL),(24,'Harum ipsum iure assumenda quis nobis.',6,'2015-02-06 06:30:46','2015-02-06 06:30:46',NULL),(25,'Et consequatur voluptatem at temporibus earum.',1,'2015-02-06 06:30:46','2015-02-06 06:30:46',NULL),(26,'Et consequatur voluptatem at temporibus earum.',2,'2015-02-06 06:30:46','2015-02-06 06:30:46',NULL),(27,'Et consequatur voluptatem at temporibus earum.',3,'2015-02-06 06:30:46','2015-02-06 06:30:46',NULL),(28,'Et consequatur voluptatem at temporibus earum.',4,'2015-02-06 06:30:46','2015-02-06 06:30:46',NULL),(29,'Et consequatur voluptatem at temporibus earum.',5,'2015-02-06 06:30:46','2015-02-06 06:30:46',NULL),(30,'Et consequatur voluptatem at temporibus earum.',6,'2015-02-06 06:30:46','2015-02-06 06:30:46',NULL),(31,'Nobis aperiam repellat sunt delectus explicabo.',1,'2015-02-06 06:30:46','2015-02-06 06:30:46',NULL),(32,'Nobis aperiam repellat sunt delectus explicabo.',2,'2015-02-06 06:30:46','2015-02-06 06:30:46',NULL),(33,'Nobis aperiam repellat sunt delectus explicabo.',3,'2015-02-06 06:30:46','2015-02-06 06:30:46',NULL),(34,'Nobis aperiam repellat sunt delectus explicabo.',4,'2015-02-06 06:30:46','2015-02-06 06:30:46',NULL),(35,'Nobis aperiam repellat sunt delectus explicabo.',5,'2015-02-06 06:30:46','2015-02-06 06:30:46',NULL),(36,'Nobis aperiam repellat sunt delectus explicabo.',6,'2015-02-06 06:30:46','2015-02-06 06:30:46',NULL),(37,'Eum nesciunt labore aliquam quas explicabo laboriosam mollitia.',1,'2015-02-06 06:30:46','2015-02-06 06:30:46',NULL),(38,'Eum nesciunt labore aliquam quas explicabo laboriosam mollitia.',2,'2015-02-06 06:30:46','2015-02-06 06:30:46',NULL),(39,'Eum nesciunt labore aliquam quas explicabo laboriosam mollitia.',3,'2015-02-06 06:30:46','2015-02-06 06:30:46',NULL),(40,'Eum nesciunt labore aliquam quas explicabo laboriosam mollitia.',4,'2015-02-06 06:30:46','2015-02-06 06:30:46',NULL),(41,'Eum nesciunt labore aliquam quas explicabo laboriosam mollitia.',5,'2015-02-06 06:30:46','2015-02-06 06:30:46',NULL),(42,'Eum nesciunt labore aliquam quas explicabo laboriosam mollitia.',6,'2015-02-06 06:30:46','2015-02-06 06:30:46',NULL),(43,'Quo enim rerum in itaque qui magnam eveniet.',1,'2015-02-06 06:30:46','2015-02-06 06:30:46',NULL),(44,'Quo enim rerum in itaque qui magnam eveniet.',2,'2015-02-06 06:30:46','2015-02-06 06:30:46',NULL),(45,'Quo enim rerum in itaque qui magnam eveniet.',3,'2015-02-06 06:30:47','2015-02-06 06:30:47',NULL),(46,'Quo enim rerum in itaque qui magnam eveniet.',4,'2015-02-06 06:30:47','2015-02-06 06:30:47',NULL),(47,'Quo enim rerum in itaque qui magnam eveniet.',5,'2015-02-06 06:30:47','2015-02-06 06:30:47',NULL),(48,'Quo enim rerum in itaque qui magnam eveniet.',6,'2015-02-06 06:30:47','2015-02-06 06:30:47',NULL),(49,'Occaecati quo nobis iusto officia rerum non.',1,'2015-02-06 06:30:47','2015-02-06 06:30:47',NULL),(50,'Occaecati quo nobis iusto officia rerum non.',2,'2015-02-06 06:30:47','2015-02-06 06:30:47',NULL),(51,'Occaecati quo nobis iusto officia rerum non.',3,'2015-02-06 06:30:47','2015-02-06 06:30:47',NULL),(52,'Occaecati quo nobis iusto officia rerum non.',4,'2015-02-06 06:30:47','2015-02-06 06:30:47',NULL),(53,'Occaecati quo nobis iusto officia rerum non.',5,'2015-02-06 06:30:47','2015-02-06 06:30:47',NULL),(54,'Occaecati quo nobis iusto officia rerum non.',6,'2015-02-06 06:30:47','2015-02-06 06:30:47',NULL),(55,'Vel et et est laudantium adipisci.',1,'2015-02-06 06:30:47','2015-02-06 06:30:47',NULL),(56,'Vel et et est laudantium adipisci.',2,'2015-02-06 06:30:47','2015-02-06 06:30:47',NULL),(57,'Vel et et est laudantium adipisci.',3,'2015-02-06 06:30:47','2015-02-06 06:30:47',NULL),(58,'Vel et et est laudantium adipisci.',4,'2015-02-06 06:30:47','2015-02-06 06:30:47',NULL),(59,'Vel et et est laudantium adipisci.',5,'2015-02-06 06:30:47','2015-02-06 06:30:47',NULL),(60,'Vel et et est laudantium adipisci.',6,'2015-02-06 06:30:47','2015-02-06 06:30:47',NULL),(61,'Saepe voluptas explicabo maxime ipsam fuga voluptatem rerum et.',1,'2015-02-06 06:30:47','2015-02-06 06:30:47',NULL),(62,'Saepe voluptas explicabo maxime ipsam fuga voluptatem rerum et.',2,'2015-02-06 06:30:47','2015-02-06 06:30:47',NULL),(63,'Saepe voluptas explicabo maxime ipsam fuga voluptatem rerum et.',3,'2015-02-06 06:30:47','2015-02-06 06:30:47',NULL),(64,'Saepe voluptas explicabo maxime ipsam fuga voluptatem rerum et.',4,'2015-02-06 06:30:47','2015-02-06 06:30:47',NULL),(65,'Saepe voluptas explicabo maxime ipsam fuga voluptatem rerum et.',5,'2015-02-06 06:30:47','2015-02-06 06:30:47',NULL),(66,'Saepe voluptas explicabo maxime ipsam fuga voluptatem rerum et.',6,'2015-02-06 06:30:47','2015-02-06 06:30:47',NULL),(67,'Vitae et eveniet vel quia dolorum.',1,'2015-02-06 06:30:47','2015-02-06 06:30:47',NULL),(68,'Vitae et eveniet vel quia dolorum.',2,'2015-02-06 06:30:47','2015-02-06 06:30:47',NULL),(69,'Vitae et eveniet vel quia dolorum.',3,'2015-02-06 06:30:48','2015-02-06 06:30:48',NULL),(70,'Vitae et eveniet vel quia dolorum.',4,'2015-02-06 06:30:48','2015-02-06 06:30:48',NULL),(71,'Vitae et eveniet vel quia dolorum.',5,'2015-02-06 06:30:48','2015-02-06 06:30:48',NULL),(72,'Vitae et eveniet vel quia dolorum.',6,'2015-02-06 06:30:48','2015-02-06 06:30:48',NULL),(73,'Iure ex placeat quia dicta sint quis.',1,'2015-02-06 06:30:48','2015-02-06 06:30:48',NULL),(74,'Iure ex placeat quia dicta sint quis.',2,'2015-02-06 06:30:48','2015-02-06 06:30:48',NULL),(75,'Iure ex placeat quia dicta sint quis.',3,'2015-02-06 06:30:48','2015-02-06 06:30:48',NULL),(76,'Iure ex placeat quia dicta sint quis.',4,'2015-02-06 06:30:48','2015-02-06 06:30:48',NULL),(77,'Iure ex placeat quia dicta sint quis.',5,'2015-02-06 06:30:48','2015-02-06 06:30:48',NULL),(78,'Iure ex placeat quia dicta sint quis.',6,'2015-02-06 06:30:48','2015-02-06 06:30:48',NULL),(79,'Adipisci minima aut est voluptatem numquam necessitatibus debitis ea.',1,'2015-02-06 06:30:48','2015-02-06 06:30:48',NULL),(80,'Adipisci minima aut est voluptatem numquam necessitatibus debitis ea.',2,'2015-02-06 06:30:48','2015-02-06 06:30:48',NULL),(81,'Adipisci minima aut est voluptatem numquam necessitatibus debitis ea.',3,'2015-02-06 06:30:48','2015-02-06 06:30:48',NULL),(82,'Adipisci minima aut est voluptatem numquam necessitatibus debitis ea.',4,'2015-02-06 06:30:48','2015-02-06 06:30:48',NULL),(83,'Adipisci minima aut est voluptatem numquam necessitatibus debitis ea.',5,'2015-02-06 06:30:48','2015-02-06 06:30:48',NULL),(84,'Adipisci minima aut est voluptatem numquam necessitatibus debitis ea.',6,'2015-02-06 06:30:48','2015-02-06 06:30:48',NULL),(85,'Autem consequatur quod beatae voluptatem ut et et veniam ut.',1,'2015-02-06 06:30:48','2015-02-06 06:30:48',NULL),(86,'Autem consequatur quod beatae voluptatem ut et et veniam ut.',2,'2015-02-06 06:30:48','2015-02-06 06:30:48',NULL),(87,'Autem consequatur quod beatae voluptatem ut et et veniam ut.',3,'2015-02-06 06:30:48','2015-02-06 06:30:48',NULL),(88,'Autem consequatur quod beatae voluptatem ut et et veniam ut.',4,'2015-02-06 06:30:48','2015-02-06 06:30:48',NULL),(89,'Autem consequatur quod beatae voluptatem ut et et veniam ut.',5,'2015-02-06 06:30:48','2015-02-06 06:30:48',NULL),(90,'Autem consequatur quod beatae voluptatem ut et et veniam ut.',6,'2015-02-06 06:30:48','2015-02-06 06:30:48',NULL),(91,'Suscipit iure ut minima consectetur nobis.',1,'2015-02-06 06:30:48','2015-02-06 06:30:48',NULL),(92,'Suscipit iure ut minima consectetur nobis.',2,'2015-02-06 06:30:48','2015-02-06 06:30:48',NULL),(93,'Suscipit iure ut minima consectetur nobis.',3,'2015-02-06 06:30:48','2015-02-06 06:30:48',NULL),(94,'Suscipit iure ut minima consectetur nobis.',4,'2015-02-06 06:30:49','2015-02-06 06:30:49',NULL),(95,'Suscipit iure ut minima consectetur nobis.',5,'2015-02-06 06:30:49','2015-02-06 06:30:49',NULL),(96,'Suscipit iure ut minima consectetur nobis.',6,'2015-02-06 06:30:49','2015-02-06 06:30:49',NULL),(97,'Eum placeat recusandae nemo et ut.',1,'2015-02-06 06:30:49','2015-02-06 06:30:49',NULL),(98,'Eum placeat recusandae nemo et ut.',2,'2015-02-06 06:30:49','2015-02-06 06:30:49',NULL),(99,'Eum placeat recusandae nemo et ut.',3,'2015-02-06 06:30:49','2015-02-06 06:30:49',NULL),(100,'Eum placeat recusandae nemo et ut.',4,'2015-02-06 06:30:49','2015-02-06 06:30:49',NULL),(101,'Eum placeat recusandae nemo et ut.',5,'2015-02-06 06:30:49','2015-02-06 06:30:49',NULL),(102,'Eum placeat recusandae nemo et ut.',6,'2015-02-06 06:30:49','2015-02-06 06:30:49',NULL),(103,'Eaque molestiae quam quis vero fuga rerum rerum voluptatem.',1,'2015-02-06 06:30:49','2015-02-06 06:30:49',NULL),(104,'Eaque molestiae quam quis vero fuga rerum rerum voluptatem.',2,'2015-02-06 06:30:49','2015-02-06 06:30:49',NULL),(105,'Eaque molestiae quam quis vero fuga rerum rerum voluptatem.',3,'2015-02-06 06:30:49','2015-02-06 06:30:49',NULL),(106,'Eaque molestiae quam quis vero fuga rerum rerum voluptatem.',4,'2015-02-06 06:30:49','2015-02-06 06:30:49',NULL),(107,'Eaque molestiae quam quis vero fuga rerum rerum voluptatem.',5,'2015-02-06 06:30:49','2015-02-06 06:30:49',NULL),(108,'Eaque molestiae quam quis vero fuga rerum rerum voluptatem.',6,'2015-02-06 06:30:49','2015-02-06 06:30:49',NULL),(109,'Atque perspiciatis et consequatur aut nostrum exercitationem sed vel ut.',1,'2015-02-06 06:30:49','2015-02-06 06:30:49',NULL),(110,'Atque perspiciatis et consequatur aut nostrum exercitationem sed vel ut.',2,'2015-02-06 06:30:49','2015-02-06 06:30:49',NULL),(111,'Atque perspiciatis et consequatur aut nostrum exercitationem sed vel ut.',3,'2015-02-06 06:30:49','2015-02-06 06:30:49',NULL),(112,'Atque perspiciatis et consequatur aut nostrum exercitationem sed vel ut.',4,'2015-02-06 06:30:49','2015-02-06 06:30:49',NULL),(113,'Atque perspiciatis et consequatur aut nostrum exercitationem sed vel ut.',5,'2015-02-06 06:30:49','2015-02-06 06:30:49',NULL),(114,'Atque perspiciatis et consequatur aut nostrum exercitationem sed vel ut.',6,'2015-02-06 06:30:49','2015-02-06 06:30:49',NULL),(115,'Autem libero molestiae ratione non exercitationem quis.',1,'2015-02-06 06:30:50','2015-02-06 06:30:50',NULL),(116,'Autem libero molestiae ratione non exercitationem quis.',2,'2015-02-06 06:30:50','2015-02-06 06:30:50',NULL),(117,'Autem libero molestiae ratione non exercitationem quis.',3,'2015-02-06 06:30:50','2015-02-06 06:30:50',NULL),(118,'Autem libero molestiae ratione non exercitationem quis.',4,'2015-02-06 06:30:50','2015-02-06 06:30:50',NULL),(119,'Autem libero molestiae ratione non exercitationem quis.',5,'2015-02-06 06:30:50','2015-02-06 06:30:50',NULL),(120,'Autem libero molestiae ratione non exercitationem quis.',6,'2015-02-06 06:30:50','2015-02-06 06:30:50',NULL),(121,'Aut laboriosam quis aliquam voluptates reprehenderit eius ipsam.',1,'2015-02-06 06:30:50','2015-02-06 06:30:50',NULL),(122,'Aut laboriosam quis aliquam voluptates reprehenderit eius ipsam.',2,'2015-02-06 06:30:50','2015-02-06 06:30:50',NULL),(123,'Aut laboriosam quis aliquam voluptates reprehenderit eius ipsam.',3,'2015-02-06 06:30:50','2015-02-06 06:30:50',NULL),(124,'Aut laboriosam quis aliquam voluptates reprehenderit eius ipsam.',4,'2015-02-06 06:30:50','2015-02-06 06:30:50',NULL),(125,'Aut laboriosam quis aliquam voluptates reprehenderit eius ipsam.',5,'2015-02-06 06:30:50','2015-02-06 06:30:50',NULL),(126,'Aut laboriosam quis aliquam voluptates reprehenderit eius ipsam.',6,'2015-02-06 06:30:50','2015-02-06 06:30:50',NULL),(127,'Sint nobis est voluptatem quos illum neque architecto nihil.',1,'2015-02-06 06:30:50','2015-02-06 06:30:50',NULL),(128,'Sint nobis est voluptatem quos illum neque architecto nihil.',2,'2015-02-06 06:30:50','2015-02-06 06:30:50',NULL),(129,'Sint nobis est voluptatem quos illum neque architecto nihil.',3,'2015-02-06 06:30:50','2015-02-06 06:30:50',NULL),(130,'Sint nobis est voluptatem quos illum neque architecto nihil.',4,'2015-02-06 06:30:50','2015-02-06 06:30:50',NULL),(131,'Sint nobis est voluptatem quos illum neque architecto nihil.',5,'2015-02-06 06:30:50','2015-02-06 06:30:50',NULL),(132,'Sint nobis est voluptatem quos illum neque architecto nihil.',6,'2015-02-06 06:30:50','2015-02-06 06:30:50',NULL),(133,'Quis qui voluptas officiis blanditiis ut consectetur.',1,'2015-02-06 06:30:50','2015-02-06 06:30:50',NULL),(134,'Quis qui voluptas officiis blanditiis ut consectetur.',2,'2015-02-06 06:30:50','2015-02-06 06:30:50',NULL),(135,'Quis qui voluptas officiis blanditiis ut consectetur.',3,'2015-02-06 06:30:50','2015-02-06 06:30:50',NULL),(136,'Quis qui voluptas officiis blanditiis ut consectetur.',4,'2015-02-06 06:30:50','2015-02-06 06:30:50',NULL),(137,'Quis qui voluptas officiis blanditiis ut consectetur.',5,'2015-02-06 06:30:50','2015-02-06 06:30:50',NULL),(138,'Quis qui voluptas officiis blanditiis ut consectetur.',6,'2015-02-06 06:30:50','2015-02-06 06:30:50',NULL),(139,'Repellendus quia in velit voluptatibus laudantium.',1,'2015-02-06 06:30:50','2015-02-06 06:30:50',NULL),(140,'Repellendus quia in velit voluptatibus laudantium.',2,'2015-02-06 06:30:50','2015-02-06 06:30:50',NULL),(141,'Repellendus quia in velit voluptatibus laudantium.',3,'2015-02-06 06:30:51','2015-02-06 06:30:51',NULL),(142,'Repellendus quia in velit voluptatibus laudantium.',4,'2015-02-06 06:30:51','2015-02-06 06:30:51',NULL),(143,'Repellendus quia in velit voluptatibus laudantium.',5,'2015-02-06 06:30:51','2015-02-06 06:30:51',NULL),(144,'Repellendus quia in velit voluptatibus laudantium.',6,'2015-02-06 06:30:51','2015-02-06 06:30:51',NULL),(145,'Asperiores ut aliquam ullam quam.',1,'2015-02-06 06:30:51','2015-02-06 06:30:51',NULL),(146,'Asperiores ut aliquam ullam quam.',2,'2015-02-06 06:30:51','2015-02-06 06:30:51',NULL),(147,'Asperiores ut aliquam ullam quam.',3,'2015-02-06 06:30:51','2015-02-06 06:30:51',NULL),(148,'Asperiores ut aliquam ullam quam.',4,'2015-02-06 06:30:51','2015-02-06 06:30:51',NULL),(149,'Asperiores ut aliquam ullam quam.',5,'2015-02-06 06:30:51','2015-02-06 06:30:51',NULL),(150,'Asperiores ut aliquam ullam quam.',6,'2015-02-06 06:30:51','2015-02-06 06:30:51',NULL),(151,'Repudiandae ut nulla autem quae voluptas repellendus.',1,'2015-02-06 06:30:51','2015-02-06 06:30:51',NULL),(152,'Repudiandae ut nulla autem quae voluptas repellendus.',2,'2015-02-06 06:30:51','2015-02-06 06:30:51',NULL),(153,'Repudiandae ut nulla autem quae voluptas repellendus.',3,'2015-02-06 06:30:51','2015-02-06 06:30:51',NULL),(154,'Repudiandae ut nulla autem quae voluptas repellendus.',4,'2015-02-06 06:30:51','2015-02-06 06:30:51',NULL),(155,'Repudiandae ut nulla autem quae voluptas repellendus.',5,'2015-02-06 06:30:51','2015-02-06 06:30:51',NULL),(156,'Repudiandae ut nulla autem quae voluptas repellendus.',6,'2015-02-06 06:30:51','2015-02-06 06:30:51',NULL),(157,'Corrupti ut dolorem sit harum vitae et.',1,'2015-02-06 06:30:51','2015-02-06 06:30:51',NULL),(158,'Corrupti ut dolorem sit harum vitae et.',2,'2015-02-06 06:30:51','2015-02-06 06:30:51',NULL),(159,'Corrupti ut dolorem sit harum vitae et.',3,'2015-02-06 06:30:51','2015-02-06 06:30:51',NULL),(160,'Corrupti ut dolorem sit harum vitae et.',4,'2015-02-06 06:30:51','2015-02-06 06:30:51',NULL),(161,'Corrupti ut dolorem sit harum vitae et.',5,'2015-02-06 06:30:51','2015-02-06 06:30:51',NULL),(162,'Corrupti ut dolorem sit harum vitae et.',6,'2015-02-06 06:30:51','2015-02-06 06:30:51',NULL),(163,'Expedita labore molestiae consectetur exercitationem et autem facere tempora.',1,'2015-02-06 06:30:51','2015-02-06 06:30:51',NULL),(164,'Expedita labore molestiae consectetur exercitationem et autem facere tempora.',2,'2015-02-06 06:30:51','2015-02-06 06:30:51',NULL),(165,'Expedita labore molestiae consectetur exercitationem et autem facere tempora.',3,'2015-02-06 06:30:52','2015-02-06 06:30:52',NULL),(166,'Expedita labore molestiae consectetur exercitationem et autem facere tempora.',4,'2015-02-06 06:30:52','2015-02-06 06:30:52',NULL),(167,'Expedita labore molestiae consectetur exercitationem et autem facere tempora.',5,'2015-02-06 06:30:52','2015-02-06 06:30:52',NULL),(168,'Expedita labore molestiae consectetur exercitationem et autem facere tempora.',6,'2015-02-06 06:30:52','2015-02-06 06:30:52',NULL),(169,'Deleniti ab odit soluta possimus iste.',1,'2015-02-06 06:30:52','2015-02-06 06:30:52',NULL),(170,'Deleniti ab odit soluta possimus iste.',2,'2015-02-06 06:30:52','2015-02-06 06:30:52',NULL),(171,'Deleniti ab odit soluta possimus iste.',3,'2015-02-06 06:30:52','2015-02-06 06:30:52',NULL),(172,'Deleniti ab odit soluta possimus iste.',4,'2015-02-06 06:30:52','2015-02-06 06:30:52',NULL),(173,'Deleniti ab odit soluta possimus iste.',5,'2015-02-06 06:30:52','2015-02-06 06:30:52',NULL),(174,'Deleniti ab odit soluta possimus iste.',6,'2015-02-06 06:30:52','2015-02-06 06:30:52',NULL),(175,'Et fuga ut accusantium unde eligendi.',1,'2015-02-06 06:30:52','2015-02-06 06:30:52',NULL),(176,'Et fuga ut accusantium unde eligendi.',2,'2015-02-06 06:30:52','2015-02-06 06:30:52',NULL),(177,'Et fuga ut accusantium unde eligendi.',3,'2015-02-06 06:30:52','2015-02-06 06:30:52',NULL),(178,'Et fuga ut accusantium unde eligendi.',4,'2015-02-06 06:30:52','2015-02-06 06:30:52',NULL),(179,'Et fuga ut accusantium unde eligendi.',5,'2015-02-06 06:30:52','2015-02-06 06:30:52',NULL),(180,'Et fuga ut accusantium unde eligendi.',6,'2015-02-06 06:30:52','2015-02-06 06:30:52',NULL),(181,'Sequi sed doloremque maiores molestias suscipit sunt.',1,'2015-02-06 06:30:52','2015-02-06 06:30:52',NULL),(182,'Sequi sed doloremque maiores molestias suscipit sunt.',2,'2015-02-06 06:30:52','2015-02-06 06:30:52',NULL),(183,'Sequi sed doloremque maiores molestias suscipit sunt.',3,'2015-02-06 06:30:52','2015-02-06 06:30:52',NULL),(184,'Sequi sed doloremque maiores molestias suscipit sunt.',4,'2015-02-06 06:30:52','2015-02-06 06:30:52',NULL),(185,'Sequi sed doloremque maiores molestias suscipit sunt.',5,'2015-02-06 06:30:52','2015-02-06 06:30:52',NULL),(186,'Sequi sed doloremque maiores molestias suscipit sunt.',6,'2015-02-06 06:30:52','2015-02-06 06:30:52',NULL),(187,'Nam aut ducimus harum autem amet architecto.',1,'2015-02-06 06:30:53','2015-02-06 06:30:53',NULL),(188,'Nam aut ducimus harum autem amet architecto.',2,'2015-02-06 06:30:53','2015-02-06 06:30:53',NULL),(189,'Nam aut ducimus harum autem amet architecto.',3,'2015-02-06 06:30:53','2015-02-06 06:30:53',NULL),(190,'Nam aut ducimus harum autem amet architecto.',4,'2015-02-06 06:30:53','2015-02-06 06:30:53',NULL),(191,'Nam aut ducimus harum autem amet architecto.',5,'2015-02-06 06:30:53','2015-02-06 06:30:53',NULL),(192,'Nam aut ducimus harum autem amet architecto.',6,'2015-02-06 06:30:53','2015-02-06 06:30:53',NULL),(193,'Tenetur rerum blanditiis ut atque.',1,'2015-02-06 06:30:53','2015-02-06 06:30:53',NULL),(194,'Tenetur rerum blanditiis ut atque.',2,'2015-02-06 06:30:53','2015-02-06 06:30:53',NULL),(195,'Tenetur rerum blanditiis ut atque.',3,'2015-02-06 06:30:53','2015-02-06 06:30:53',NULL),(196,'Tenetur rerum blanditiis ut atque.',4,'2015-02-06 06:30:53','2015-02-06 06:30:53',NULL),(197,'Tenetur rerum blanditiis ut atque.',5,'2015-02-06 06:30:53','2015-02-06 06:30:53',NULL),(198,'Tenetur rerum blanditiis ut atque.',6,'2015-02-06 06:30:53','2015-02-06 06:30:53',NULL),(199,'Aut temporibus nemo veritatis ratione.',1,'2015-02-06 06:30:53','2015-02-06 06:30:53',NULL),(200,'Aut temporibus nemo veritatis ratione.',2,'2015-02-06 06:30:53','2015-02-06 06:30:53',NULL),(201,'Aut temporibus nemo veritatis ratione.',3,'2015-02-06 06:30:53','2015-02-06 06:30:53',NULL),(202,'Aut temporibus nemo veritatis ratione.',4,'2015-02-06 06:30:53','2015-02-06 06:30:53',NULL),(203,'Aut temporibus nemo veritatis ratione.',5,'2015-02-06 06:30:53','2015-02-06 06:30:53',NULL),(204,'Aut temporibus nemo veritatis ratione.',6,'2015-02-06 06:30:53','2015-02-06 06:30:53',NULL),(205,'Ipsum aut quis dicta qui placeat tempora sit quasi.',1,'2015-02-06 06:30:53','2015-02-06 06:30:53',NULL),(206,'Ipsum aut quis dicta qui placeat tempora sit quasi.',2,'2015-02-06 06:30:53','2015-02-06 06:30:53',NULL),(207,'Ipsum aut quis dicta qui placeat tempora sit quasi.',3,'2015-02-06 06:30:53','2015-02-06 06:30:53',NULL),(208,'Ipsum aut quis dicta qui placeat tempora sit quasi.',4,'2015-02-06 06:30:53','2015-02-06 06:30:53',NULL),(209,'Ipsum aut quis dicta qui placeat tempora sit quasi.',5,'2015-02-06 06:30:53','2015-02-06 06:30:53',NULL),(210,'Ipsum aut quis dicta qui placeat tempora sit quasi.',6,'2015-02-06 06:30:53','2015-02-06 06:30:53',NULL),(211,'Nulla nesciunt et nisi et iure cupiditate neque blanditiis ex.',1,'2015-02-06 06:30:53','2015-02-06 06:30:53',NULL),(212,'Nulla nesciunt et nisi et iure cupiditate neque blanditiis ex.',2,'2015-02-06 06:30:53','2015-02-06 06:30:53',NULL),(213,'Nulla nesciunt et nisi et iure cupiditate neque blanditiis ex.',3,'2015-02-06 06:30:54','2015-02-06 06:30:54',NULL),(214,'Nulla nesciunt et nisi et iure cupiditate neque blanditiis ex.',4,'2015-02-06 06:30:54','2015-02-06 06:30:54',NULL),(215,'Nulla nesciunt et nisi et iure cupiditate neque blanditiis ex.',5,'2015-02-06 06:30:54','2015-02-06 06:30:54',NULL),(216,'Nulla nesciunt et nisi et iure cupiditate neque blanditiis ex.',6,'2015-02-06 06:30:54','2015-02-06 06:30:54',NULL),(217,'Doloribus illo necessitatibus odio molestiae nemo.',1,'2015-02-06 06:30:54','2015-02-06 06:30:54',NULL),(218,'Doloribus illo necessitatibus odio molestiae nemo.',2,'2015-02-06 06:30:54','2015-02-06 06:30:54',NULL),(219,'Doloribus illo necessitatibus odio molestiae nemo.',3,'2015-02-06 06:30:54','2015-02-06 06:30:54',NULL),(220,'Doloribus illo necessitatibus odio molestiae nemo.',4,'2015-02-06 06:30:54','2015-02-06 06:30:54',NULL),(221,'Doloribus illo necessitatibus odio molestiae nemo.',5,'2015-02-06 06:30:54','2015-02-06 06:30:54',NULL),(222,'Doloribus illo necessitatibus odio molestiae nemo.',6,'2015-02-06 06:30:54','2015-02-06 06:30:54',NULL),(223,'Pariatur qui sequi recusandae laboriosam esse.',1,'2015-02-06 06:30:54','2015-02-06 06:30:54',NULL),(224,'Pariatur qui sequi recusandae laboriosam esse.',2,'2015-02-06 06:30:54','2015-02-06 06:30:54',NULL),(225,'Pariatur qui sequi recusandae laboriosam esse.',3,'2015-02-06 06:30:54','2015-02-06 06:30:54',NULL),(226,'Pariatur qui sequi recusandae laboriosam esse.',4,'2015-02-06 06:30:54','2015-02-06 06:30:54',NULL),(227,'Pariatur qui sequi recusandae laboriosam esse.',5,'2015-02-06 06:30:54','2015-02-06 06:30:54',NULL),(228,'Pariatur qui sequi recusandae laboriosam esse.',6,'2015-02-06 06:30:54','2015-02-06 06:30:54',NULL),(229,'Nihil quas labore voluptatem rerum corporis exercitationem velit.',1,'2015-02-06 06:30:54','2015-02-06 06:30:54',NULL),(230,'Nihil quas labore voluptatem rerum corporis exercitationem velit.',2,'2015-02-06 06:30:54','2015-02-06 06:30:54',NULL),(231,'Nihil quas labore voluptatem rerum corporis exercitationem velit.',3,'2015-02-06 06:30:54','2015-02-06 06:30:54',NULL),(232,'Nihil quas labore voluptatem rerum corporis exercitationem velit.',4,'2015-02-06 06:30:54','2015-02-06 06:30:54',NULL),(233,'Nihil quas labore voluptatem rerum corporis exercitationem velit.',5,'2015-02-06 06:30:54','2015-02-06 06:30:54',NULL),(234,'Nihil quas labore voluptatem rerum corporis exercitationem velit.',6,'2015-02-06 06:30:54','2015-02-06 06:30:54',NULL),(235,'Aut officia aut atque facere occaecati.',1,'2015-02-06 06:30:55','2015-02-06 06:30:55',NULL),(236,'Aut officia aut atque facere occaecati.',2,'2015-02-06 06:30:55','2015-02-06 06:30:55',NULL),(237,'Aut officia aut atque facere occaecati.',3,'2015-02-06 06:30:55','2015-02-06 06:30:55',NULL),(238,'Aut officia aut atque facere occaecati.',4,'2015-02-06 06:30:55','2015-02-06 06:30:55',NULL),(239,'Aut officia aut atque facere occaecati.',5,'2015-02-06 06:30:55','2015-02-06 06:30:55',NULL),(240,'Aut officia aut atque facere occaecati.',6,'2015-02-06 06:30:55','2015-02-06 06:30:55',NULL),(241,'Ipsa quidem asperiores quae aut id unde.',1,'2015-02-06 06:30:55','2015-02-06 06:30:55',NULL),(242,'Ipsa quidem asperiores quae aut id unde.',2,'2015-02-06 06:30:55','2015-02-06 06:30:55',NULL),(243,'Ipsa quidem asperiores quae aut id unde.',3,'2015-02-06 06:30:55','2015-02-06 06:30:55',NULL),(244,'Ipsa quidem asperiores quae aut id unde.',4,'2015-02-06 06:30:55','2015-02-06 06:30:55',NULL),(245,'Ipsa quidem asperiores quae aut id unde.',5,'2015-02-06 06:30:55','2015-02-06 06:30:55',NULL),(246,'Ipsa quidem asperiores quae aut id unde.',6,'2015-02-06 06:30:55','2015-02-06 06:30:55',NULL),(247,'Vero qui id consequatur amet sunt.',1,'2015-02-06 06:30:55','2015-02-06 06:30:55',NULL),(248,'Vero qui id consequatur amet sunt.',2,'2015-02-06 06:30:55','2015-02-06 06:30:55',NULL),(249,'Vero qui id consequatur amet sunt.',3,'2015-02-06 06:30:55','2015-02-06 06:30:55',NULL),(250,'Vero qui id consequatur amet sunt.',4,'2015-02-06 06:30:55','2015-02-06 06:30:55',NULL),(251,'Vero qui id consequatur amet sunt.',5,'2015-02-06 06:30:56','2015-02-06 06:30:56',NULL),(252,'Vero qui id consequatur amet sunt.',6,'2015-02-06 06:30:56','2015-02-06 06:30:56',NULL),(253,'Est eligendi est consequuntur aut quasi facere fuga quia laborum.',1,'2015-02-06 06:30:56','2015-02-06 06:30:56',NULL),(254,'Est eligendi est consequuntur aut quasi facere fuga quia laborum.',2,'2015-02-06 06:30:56','2015-02-06 06:30:56',NULL),(255,'Est eligendi est consequuntur aut quasi facere fuga quia laborum.',3,'2015-02-06 06:30:56','2015-02-06 06:30:56',NULL),(256,'Est eligendi est consequuntur aut quasi facere fuga quia laborum.',4,'2015-02-06 06:30:56','2015-02-06 06:30:56',NULL),(257,'Est eligendi est consequuntur aut quasi facere fuga quia laborum.',5,'2015-02-06 06:30:56','2015-02-06 06:30:56',NULL),(258,'Est eligendi est consequuntur aut quasi facere fuga quia laborum.',6,'2015-02-06 06:30:56','2015-02-06 06:30:56',NULL),(259,'Dolores et dolor ipsum hic.',1,'2015-02-06 06:30:56','2015-02-06 06:30:56',NULL),(260,'Dolores et dolor ipsum hic.',2,'2015-02-06 06:30:56','2015-02-06 06:30:56',NULL),(261,'Dolores et dolor ipsum hic.',3,'2015-02-06 06:30:56','2015-02-06 06:30:56',NULL),(262,'Dolores et dolor ipsum hic.',4,'2015-02-06 06:30:56','2015-02-06 06:30:56',NULL),(263,'Dolores et dolor ipsum hic.',5,'2015-02-06 06:30:56','2015-02-06 06:30:56',NULL),(264,'Dolores et dolor ipsum hic.',6,'2015-02-06 06:30:56','2015-02-06 06:30:56',NULL),(265,'Suscipit quam dolor cumque sit unde.',1,'2015-02-06 06:30:56','2015-02-06 06:30:56',NULL),(266,'Suscipit quam dolor cumque sit unde.',2,'2015-02-06 06:30:56','2015-02-06 06:30:56',NULL),(267,'Suscipit quam dolor cumque sit unde.',3,'2015-02-06 06:30:56','2015-02-06 06:30:56',NULL),(268,'Suscipit quam dolor cumque sit unde.',4,'2015-02-06 06:30:56','2015-02-06 06:30:56',NULL),(269,'Suscipit quam dolor cumque sit unde.',5,'2015-02-06 06:30:56','2015-02-06 06:30:56',NULL),(270,'Suscipit quam dolor cumque sit unde.',6,'2015-02-06 06:30:56','2015-02-06 06:30:56',NULL),(271,'Sit quos ut deserunt quae blanditiis error in earum tempora.',1,'2015-02-06 06:30:56','2015-02-06 06:30:56',NULL),(272,'Sit quos ut deserunt quae blanditiis error in earum tempora.',2,'2015-02-06 06:30:56','2015-02-06 06:30:56',NULL),(273,'Sit quos ut deserunt quae blanditiis error in earum tempora.',3,'2015-02-06 06:30:56','2015-02-06 06:30:56',NULL),(274,'Sit quos ut deserunt quae blanditiis error in earum tempora.',4,'2015-02-06 06:30:56','2015-02-06 06:30:56',NULL),(275,'Sit quos ut deserunt quae blanditiis error in earum tempora.',5,'2015-02-06 06:30:56','2015-02-06 06:30:56',NULL),(276,'Sit quos ut deserunt quae blanditiis error in earum tempora.',6,'2015-02-06 06:30:57','2015-02-06 06:30:57',NULL),(277,'Dolorem eaque autem unde quo cumque.',1,'2015-02-06 06:30:57','2015-02-06 06:30:57',NULL),(278,'Dolorem eaque autem unde quo cumque.',2,'2015-02-06 06:30:57','2015-02-06 06:30:57',NULL),(279,'Dolorem eaque autem unde quo cumque.',3,'2015-02-06 06:30:57','2015-02-06 06:30:57',NULL),(280,'Dolorem eaque autem unde quo cumque.',4,'2015-02-06 06:30:57','2015-02-06 06:30:57',NULL),(281,'Dolorem eaque autem unde quo cumque.',5,'2015-02-06 06:30:57','2015-02-06 06:30:57',NULL),(282,'Dolorem eaque autem unde quo cumque.',6,'2015-02-06 06:30:57','2015-02-06 06:30:57',NULL),(283,'Voluptatum eum nihil in et fugiat esse est illo.',1,'2015-02-06 06:30:57','2015-02-06 06:30:57',NULL),(284,'Voluptatum eum nihil in et fugiat esse est illo.',2,'2015-02-06 06:30:57','2015-02-06 06:30:57',NULL),(285,'Voluptatum eum nihil in et fugiat esse est illo.',3,'2015-02-06 06:30:57','2015-02-06 06:30:57',NULL),(286,'Voluptatum eum nihil in et fugiat esse est illo.',4,'2015-02-06 06:30:57','2015-02-06 06:30:57',NULL),(287,'Voluptatum eum nihil in et fugiat esse est illo.',5,'2015-02-06 06:30:57','2015-02-06 06:30:57',NULL),(288,'Voluptatum eum nihil in et fugiat esse est illo.',6,'2015-02-06 06:30:57','2015-02-06 06:30:57',NULL),(289,'Dolor et odio itaque vitae deleniti.',1,'2015-02-06 06:30:57','2015-02-06 06:30:57',NULL),(290,'Dolor et odio itaque vitae deleniti.',2,'2015-02-06 06:30:57','2015-02-06 06:30:57',NULL),(291,'Dolor et odio itaque vitae deleniti.',3,'2015-02-06 06:30:57','2015-02-06 06:30:57',NULL),(292,'Dolor et odio itaque vitae deleniti.',4,'2015-02-06 06:30:57','2015-02-06 06:30:57',NULL),(293,'Dolor et odio itaque vitae deleniti.',5,'2015-02-06 06:30:57','2015-02-06 06:30:57',NULL),(294,'Dolor et odio itaque vitae deleniti.',6,'2015-02-06 06:30:57','2015-02-06 06:30:57',NULL),(295,'Ratione rerum dolores voluptatem ab quae.',1,'2015-02-06 06:30:57','2015-02-06 06:30:57',NULL),(296,'Ratione rerum dolores voluptatem ab quae.',2,'2015-02-06 06:30:57','2015-02-06 06:30:57',NULL),(297,'Ratione rerum dolores voluptatem ab quae.',3,'2015-02-06 06:30:57','2015-02-06 06:30:57',NULL),(298,'Ratione rerum dolores voluptatem ab quae.',4,'2015-02-06 06:30:57','2015-02-06 06:30:57',NULL),(299,'Ratione rerum dolores voluptatem ab quae.',5,'2015-02-06 06:30:58','2015-02-06 06:30:58',NULL),(300,'Ratione rerum dolores voluptatem ab quae.',6,'2015-02-06 06:30:58','2015-02-06 06:30:58',NULL);
/*!40000 ALTER TABLE `microposts` ENABLE KEYS */;
UNLOCK TABLES;

--
-- Table structure for table `product_categories`
--

DROP TABLE IF EXISTS `product_categories`;
/*!40101 SET @saved_cs_client     = @@character_set_client */;
/*!40101 SET character_set_client = utf8 */;
CREATE TABLE `product_categories` (
  `id` int(11) NOT NULL AUTO_INCREMENT,
  `product_id` int(11) DEFAULT NULL,
  `category_id` int(11) DEFAULT NULL,
  `created_at` datetime NOT NULL,
  `updated_at` datetime NOT NULL,
  PRIMARY KEY (`id`),
  KEY `index_product_categories_on_category_id` (`category_id`) USING BTREE,
  KEY `index_product_categories_on_product_id` (`product_id`) USING BTREE
) ENGINE=InnoDB AUTO_INCREMENT=39 DEFAULT CHARSET=utf8 COLLATE=utf8_unicode_ci;
/*!40101 SET character_set_client = @saved_cs_client */;

--
-- Dumping data for table `product_categories`
--

LOCK TABLES `product_categories` WRITE;
/*!40000 ALTER TABLE `product_categories` DISABLE KEYS */;
INSERT INTO `product_categories` VALUES (1,1,1,'2015-02-06 06:31:05','2015-02-06 06:31:05'),(2,2,1,'2015-02-06 06:31:05','2015-02-06 06:31:05'),(3,3,1,'2015-02-06 06:31:05','2015-02-06 06:31:05'),(4,4,1,'2015-02-06 06:31:06','2015-02-06 06:31:06'),(5,5,1,'2015-02-06 06:31:06','2015-02-06 06:31:06'),(6,6,1,'2015-02-06 06:31:06','2015-02-06 06:31:06'),(7,7,1,'2015-02-06 06:31:06','2015-02-06 06:31:06'),(8,8,1,'2015-02-06 06:31:06','2015-02-06 06:31:06'),(9,9,1,'2015-02-06 06:31:06','2015-02-06 06:31:06'),(10,10,2,'2015-02-06 06:31:10','2015-02-06 06:31:10'),(11,11,2,'2015-02-06 06:31:11','2015-02-06 06:31:11'),(12,12,2,'2015-02-06 06:31:11','2015-02-06 06:31:11'),(13,13,2,'2015-02-06 06:31:11','2015-02-06 06:31:11'),(14,14,2,'2015-02-06 06:31:11','2015-02-06 06:31:11'),(15,15,2,'2015-02-06 06:31:11','2015-02-06 06:31:11'),(16,16,2,'2015-02-06 06:31:11','2015-02-06 06:31:11'),(17,17,2,'2015-02-06 06:31:11','2015-02-06 06:31:11'),(18,18,2,'2015-02-06 06:31:11','2015-02-06 06:31:11'),(19,19,3,'2015-02-06 06:31:15','2015-02-06 06:31:15'),(20,20,3,'2015-02-06 06:31:15','2015-02-06 06:31:15'),(21,21,3,'2015-02-06 06:31:15','2015-02-06 06:31:15'),(22,22,3,'2015-02-06 06:31:15','2015-02-06 06:31:15'),(23,23,3,'2015-02-06 06:31:15','2015-02-06 06:31:15'),(24,24,3,'2015-02-06 06:31:15','2015-02-06 06:31:15'),(25,25,3,'2015-02-06 06:31:15','2015-02-06 06:31:15'),(26,26,3,'2015-02-06 06:31:15','2015-02-06 06:31:15'),(27,27,3,'2015-02-06 06:31:15','2015-02-06 06:31:15'),(28,28,3,'2015-02-06 06:31:15','2015-02-06 06:31:15'),(29,29,4,'2015-02-06 06:31:24','2015-02-06 06:31:24'),(30,30,4,'2015-02-06 06:31:24','2015-02-06 06:31:24'),(31,31,4,'2015-02-06 06:31:24','2015-02-06 06:31:24'),(32,32,4,'2015-02-06 06:31:25','2015-02-06 06:31:25'),(33,33,4,'2015-02-06 06:31:25','2015-02-06 06:31:25'),(34,34,4,'2015-02-06 06:31:25','2015-02-06 06:31:25'),(35,35,4,'2015-02-06 06:31:25','2015-02-06 06:31:25'),(36,36,4,'2015-02-06 06:31:25','2015-02-06 06:31:25'),(37,37,4,'2015-02-06 06:31:25','2015-02-06 06:31:25'),(38,38,4,'2015-02-06 06:31:25','2015-02-06 06:31:25');
/*!40000 ALTER TABLE `product_categories` ENABLE KEYS */;
UNLOCK TABLES;

--
-- Table structure for table `products`
--

DROP TABLE IF EXISTS `products`;
/*!40101 SET @saved_cs_client     = @@character_set_client */;
/*!40101 SET character_set_client = utf8 */;
CREATE TABLE `products` (
  `id` int(11) NOT NULL AUTO_INCREMENT,
  `name` varchar(255) COLLATE utf8_unicode_ci DEFAULT NULL,
  `image_url` varchar(255) COLLATE utf8_unicode_ci DEFAULT NULL,
  `status` varchar(255) COLLATE utf8_unicode_ci DEFAULT NULL,
  `description` varchar(255) COLLATE utf8_unicode_ci DEFAULT NULL,
  `amount` int(11) DEFAULT NULL,
  `currencycode` varchar(255) COLLATE utf8_unicode_ci DEFAULT NULL,
  `formattedprice` varchar(255) COLLATE utf8_unicode_ci DEFAULT NULL,
  `created_at` datetime NOT NULL,
  `updated_at` datetime NOT NULL,
  PRIMARY KEY (`id`)
) ENGINE=InnoDB AUTO_INCREMENT=39 DEFAULT CHARSET=utf8 COLLATE=utf8_unicode_ci;
/*!40101 SET character_set_client = @saved_cs_client */;

--
-- Dumping data for table `products`
--

LOCK TABLES `products` WRITE;
/*!40000 ALTER TABLE `products` DISABLE KEYS */;
INSERT INTO `products` VALUES (1,'Corsair CMZ8GX3M2A1600C9 Vengeance 8GB (2x4GB) DDR3 1600 Mhz CL9 XMP Performance Desktop Memory Kit Black','http://ecx.images-amazon.com/images/I/412QlUxoAwL._SL160_.jpg','test','test',5849,'GBP','£58.49','2015-02-06 06:31:05','2015-02-06 06:31:05'),(2,'HyperX FURY Series 8GB (2x 4GB) DDR3 1866MHz CL10 DIMM Memory Module Kit - White','http://ecx.images-amazon.com/images/I/31jGhOzOsxL._SL160_.jpg','test','test',5609,'GBP','£56.09','2015-02-06 06:31:05','2015-02-06 06:31:05'),(3,'Corsair CMZ4GX3M1A1600C9 4GB 1600MHz CL9 DDR3 Vengeance Memory Module','http://ecx.images-amazon.com/images/I/41StNnYLhOL._SL160_.jpg','test','test',3293,'GBP','£32.93','2015-02-06 06:31:05','2015-02-06 06:31:05'),(4,'Corsair CMY16GX3M2A1866C9R Vengeance Pro Series 16GB (2x8GB) DDR3 1866Mhz CL9 XMP Performance Desktop Memory Kit Red','http://ecx.images-amazon.com/images/I/513fDH0TnZL._SL160_.jpg','test','test',12902,'GBP','£129.02','2015-02-06 06:31:05','2015-02-06 06:31:05'),(5,'HyperX FURY Series 8GB DDR3 1600MHz CL10 DIMM Memory Module - Blue','http://ecx.images-amazon.com/images/I/41HPXQoZhCL._SL160_.jpg','test','test',5224,'GBP','£52.24','2015-02-06 06:31:06','2015-02-06 06:31:06'),(6,'Kingston Technology ValueRAM 4 GB 1600MHz CL11 DDR3 Memory Module - KVR16N11S8/4','http://ecx.images-amazon.com/images/I/41cHqHAfQPL._SL160_.jpg','test','test',2659,'GBP','£26.59','2015-02-06 06:31:06','2015-02-06 06:31:06'),(7,'G-Skill 8GB Ripjaws X DDR3 2133 Dual Kit - Red','http://ecx.images-amazon.com/images/I/41djPpli2jL._SL160_.jpg','test','test',6200,'GBP','£62.00','2015-02-06 06:31:06','2015-02-06 06:31:06'),(8,'HyperX FURY Series 4GB DDR3 1600MHz CL10 DIMM Memory Module - Blue','http://ecx.images-amazon.com/images/I/41HPXQoZhCL._SL160_.jpg','test','test',2738,'GBP','£27.38','2015-02-06 06:31:06','2015-02-06 06:31:06'),(9,'HyperX FURY Series 8GB DDR3 1866MHz CL10 DIMM Memory Module - Red','http://ecx.images-amazon.com/images/I/41%2B5u4e%2BaTL._SL160_.jpg','test','test',5146,'GBP','£51.46','2015-02-06 06:31:06','2015-02-06 06:31:06'),(10,'SVGA VGA MM Male to Male Monitor Extension Cable - Blue','http://ecx.images-amazon.com/images/I/41yjVBlpX0L._SL160_.jpg','test','test',199,'GBP','£1.99','2015-02-06 06:31:10','2015-02-06 06:31:10'),(11,'VGA Monitor Replacement SVGA M-M 15 pin Cable Black 1.8m','http://ecx.images-amazon.com/images/I/41Qxh6Pfq2L._SL160_.jpg','test','test',145,'GBP','£1.45','2015-02-06 06:31:11','2015-02-06 06:31:11'),(12,'5M MALE TO MALE SVGA/VGA MONITOR PC TO TFT LEAD CABLE','http://ecx.images-amazon.com/images/I/41mGbix%2BUjL._SL160_.jpg','test','test',359,'GBP','£3.59','2015-02-06 06:31:11','2015-02-06 06:31:11'),(13,'New VGA Monitor Replacement SVGA M-M 15 pin Cable for Projector/Laptop/Desktop','http://ecx.images-amazon.com/images/I/31KahbQD8rL._SL160_.jpg','test','test',399,'GBP','£3.99','2015-02-06 06:31:11','2015-02-06 06:31:11'),(14,'Belkin Pro Series VGA Monitor Replacement Cable 5m','http://ecx.images-amazon.com/images/I/315g5v0c6lL._SL160_.jpg','test','test',499,'GBP','£4.99','2015-02-06 06:31:11','2015-02-06 06:31:11'),(15,'5 Feet 1.5M MM Male to Male SVGA VGA Monitor Extension Cable - Blue','http://ecx.images-amazon.com/images/I/41yjVBlpX0L._SL160_.jpg','test','test',246,'GBP','£2.46','2015-02-06 06:31:11','2015-02-06 06:31:11'),(16,'DIGIFLEX VGA Male to Male 5 Metre Black Cable for PC Laptop to TFT Monitor LCD TV Lead','http://ecx.images-amazon.com/images/I/41NZsPJqqRL._SL160_.jpg','test','test',1099,'GBP','£10.99','2015-02-06 06:31:11','2015-02-06 06:31:11'),(17,'Belkin Gold Series VGA Monitor Replacement Cable 3m','http://ecx.images-amazon.com/images/I/311MNDV5ZPL._SL160_.jpg','test','test',691,'GBP','£6.91','2015-02-06 06:31:11','2015-02-06 06:31:11'),(18,'Patuoxun® 1080P HDMI TO VGA Cable Adapter for PC Laptop Power-Free, MHL support','http://ecx.images-amazon.com/images/I/41EVSrJZ30L._SL160_.jpg','test','test',688,'GBP','£6.88','2015-02-06 06:31:11','2015-02-06 06:31:11'),(19,'AMD FX6300 Black Edition 6 Core (3.5/4.1GHz, 8MB Level 3 Cache, 6MB Level 2 Cache, Socket AM3+, 95W, Retail Boxed)','http://ecx.images-amazon.com/images/I/41BdOc9JG%2BL._SL160_.jpg','test','test',8400,'GBP','£84.00','2015-02-06 06:31:14','2015-02-06 06:31:14'),(20,'Intel Core i7 i7-4790K CPU (Quad Core 4GHz, Socket H3 LGA-1150)','http://ecx.images-amazon.com/images/I/51eUdKTIcsL._SL160_.jpg','test','test',26600,'GBP','£266.00','2015-02-06 06:31:15','2015-02-06 06:31:15'),(21,'AMD FX8350 Black Edition 8 Core Processor (4.0/4.2GHz, 8MB Level 3 Cache, 8MB Level 2 Cache, Socket AM3+, 125W, Retail Boxed)','http://ecx.images-amazon.com/images/I/51bv9ejAKnL._SL160_.jpg','test','test',12490,'GBP','£124.90','2015-02-06 06:31:15','2015-02-06 06:31:15'),(22,'Intel Core i5 i5-4690K CPU (Quad Core 3.5GHz Processor, 6MB Cache, Intel HD 4600 Graphics, Socket H3 LGA-1150)','http://ecx.images-amazon.com/images/I/51SuhUev8DL._SL160_.jpg','test','test',18308,'GBP','£183.08','2015-02-06 06:31:15','2015-02-06 06:31:15'),(23,'AMD APU A6-6400K Black Edition (3.90GHz  Richland Dual Core Processor, Socket FM 2) (AD640KOKHLBOX)','http://ecx.images-amazon.com/images/I/51AFfvCkGOL._SL160_.jpg','test','test',4100,'GBP','£41.00','2015-02-06 06:31:15','2015-02-06 06:31:15'),(24,'Intel Core i5 4670K Quad Core Retail CPU (Socket 1150, 3.40GHz, 6MB, Haswell, 84W, Intel Graphics, BX80646I74770, 4th Generation Intel Core, Turbo Boost Technology 2.0)','http://ecx.images-amazon.com/images/I/51j3vFY1oeL._SL160_.jpg','test','test',19999,'GBP','£199.99','2015-02-06 06:31:15','2015-02-06 06:31:15'),(25,'Intel Pentium G3220 Dual Core CPU Retail (Socket 1150, 3.00GHz, 3MB, 54W, Extended Memory 64 Technology, Execute Disable Bit)','http://ecx.images-amazon.com/images/I/51H4on9WZbL._SL160_.jpg','test','test',4134,'GBP','£41.34','2015-02-06 06:31:15','2015-02-06 06:31:15'),(26,'Cooler Master V8GTS 8 Heatpipe/Vapor Chamber/Dual PWM Fan Performance Tower CPU Cooler','http://ecx.images-amazon.com/images/I/41ktu9uhDvL._SL160_.jpg','test','test',7439,'GBP','£74.39','2015-02-06 06:31:15','2015-02-06 06:31:15'),(27,'Intel Core i3 4130 Dual Core CPU Retail (Socket 1150, 3.4GHz, 3MB, 54W, Extended Memory 64 Technology, Execute Disable Bit)','http://ecx.images-amazon.com/images/I/51EvkR2UC3L._SL160_.jpg','test','test',8992,'GBP','£89.92','2015-02-06 06:31:15','2015-02-06 06:31:15'),(28,'AMD AD6300OKHLBOX CPU (A4 6300 3.7GHz, SKT FM2, L2, 1MB, 65W, PIB)','http://ecx.images-amazon.com/images/I/51kGGB2JhyL._SL160_.jpg','test','test',2716,'GBP','£27.16','2015-02-06 06:31:15','2015-02-06 06:31:15'),(29,'WD 1TB 3.5 inch Internal Hard Drive - Caviar Blue','http://ecx.images-amazon.com/images/I/51YDzTp710L._SL160_.jpg','test','test',4099,'GBP','£40.99','2015-02-06 06:31:24','2015-02-06 06:31:24'),(30,'WD 1TB SATA lll Desktop SATA Drive - Blue','http://ecx.images-amazon.com/images/I/419YfWTndnL._SL160_.jpg','test','test',4382,'GBP','£43.82','2015-02-06 06:31:24','2015-02-06 06:31:24'),(31,'WD - 2TB Desktop SATA Hard Drive - OEM - Green','http://ecx.images-amazon.com/images/I/41RqI2258eL._SL160_.jpg','test','test',6029,'GBP','£60.29','2015-02-06 06:31:24','2015-02-06 06:31:24'),(32,'Samsung M3 1TB USB 3.0 Slimline Portable Hard Drive - Black','http://ecx.images-amazon.com/images/I/41rcB3E1O6L._SL160_.jpg','test','test',3060,'GBP','£30.60','2015-02-06 06:31:24','2015-02-06 06:31:24'),(33,'Seagate Barracuda 3.5 inch 2TB 7200 RPM 64MB 6GB/S Internal SATA Drive','http://ecx.images-amazon.com/images/I/510disu25uL._SL160_.jpg','test','test',6295,'GBP','£62.95','2015-02-06 06:31:25','2015-02-06 06:31:25'),(34,'WD 1TB Desktop SATA Hard Drive - OEM - Green','http://ecx.images-amazon.com/images/I/41sonNb4QsL._SL160_.jpg','test','test',4690,'GBP','£46.90','2015-02-06 06:31:25','2015-02-06 06:31:25'),(35,'WD Caviar 3TB SATA 6 GB/s 64MB Cache 3.5 inch OEM Internal Hard Drive Green','http://ecx.images-amazon.com/images/I/41gixmSQDrL._SL160_.jpg','test','test',7999,'GBP','£79.99','2015-02-06 06:31:25','2015-02-06 06:31:25'),(36,'WD Caviar Blue 500GB SATAIII 6Gb/s 16MB Cache 3.5 inch Internal Hard Drive OEM','http://ecx.images-amazon.com/images/I/51zaHC0xxxL._SL160_.jpg','test','test',4098,'GBP','£40.98','2015-02-06 06:31:25','2015-02-06 06:31:25'),(37,'WD 1 TB 3.5-inch Internal Hard Drive - Black','http://ecx.images-amazon.com/images/I/511mA6si5UL._SL160_.jpg','test','test',5560,'GBP','£55.60','2015-02-06 06:31:25','2015-02-06 06:31:25'),(38,'Seagate 1TB 3.5 inch 7200RPM 64MB Cache SATA3 Hard Drive','http://ecx.images-amazon.com/images/I/4165ZKg7fjL._SL160_.jpg','test','test',4213,'GBP','£42.13','2015-02-06 06:31:25','2015-02-06 06:31:25');
/*!40000 ALTER TABLE `products` ENABLE KEYS */;
UNLOCK TABLES;

--
-- Table structure for table `relationships`
--

DROP TABLE IF EXISTS `relationships`;
/*!40101 SET @saved_cs_client     = @@character_set_client */;
/*!40101 SET character_set_client = utf8 */;
CREATE TABLE `relationships` (
  `id` int(11) NOT NULL AUTO_INCREMENT,
  `follower_id` int(11) DEFAULT NULL,
  `followed_id` int(11) DEFAULT NULL,
  `created_at` datetime NOT NULL,
  `updated_at` datetime NOT NULL,
  PRIMARY KEY (`id`),
  UNIQUE KEY `index_relationships_on_follower_id_and_followed_id` (`follower_id`,`followed_id`) USING BTREE,
  KEY `index_relationships_on_followed_id` (`followed_id`) USING BTREE,
  KEY `index_relationships_on_follower_id` (`follower_id`) USING BTREE
) ENGINE=InnoDB AUTO_INCREMENT=88 DEFAULT CHARSET=utf8 COLLATE=utf8_unicode_ci;
/*!40101 SET character_set_client = @saved_cs_client */;

--
-- Dumping data for table `relationships`
--

LOCK TABLES `relationships` WRITE;
/*!40000 ALTER TABLE `relationships` DISABLE KEYS */;
INSERT INTO `relationships` VALUES (1,1,3,'2015-02-06 06:30:58','2015-02-06 06:30:58'),(2,1,4,'2015-02-06 06:30:58','2015-02-06 06:30:58'),(3,1,5,'2015-02-06 06:30:58','2015-02-06 06:30:58'),(4,1,6,'2015-02-06 06:30:58','2015-02-06 06:30:58'),(5,1,7,'2015-02-06 06:30:58','2015-02-06 06:30:58'),(6,1,8,'2015-02-06 06:30:58','2015-02-06 06:30:58'),(7,1,9,'2015-02-06 06:30:58','2015-02-06 06:30:58'),(8,1,10,'2015-02-06 06:30:58','2015-02-06 06:30:58'),(9,1,11,'2015-02-06 06:30:58','2015-02-06 06:30:58'),(10,1,12,'2015-02-06 06:30:58','2015-02-06 06:30:58'),(11,1,13,'2015-02-06 06:30:58','2015-02-06 06:30:58'),(12,1,14,'2015-02-06 06:30:58','2015-02-06 06:30:58'),(13,1,15,'2015-02-06 06:30:58','2015-02-06 06:30:58'),(14,1,16,'2015-02-06 06:30:58','2015-02-06 06:30:58'),(15,1,17,'2015-02-06 06:30:58','2015-02-06 06:30:58'),(16,1,18,'2015-02-06 06:30:58','2015-02-06 06:30:58'),(17,1,19,'2015-02-06 06:30:58','2015-02-06 06:30:58'),(18,1,20,'2015-02-06 06:30:58','2015-02-06 06:30:58'),(19,1,21,'2015-02-06 06:30:58','2015-02-06 06:30:58'),(20,1,22,'2015-02-06 06:30:58','2015-02-06 06:30:58'),(21,1,23,'2015-02-06 06:30:58','2015-02-06 06:30:58'),(22,1,24,'2015-02-06 06:30:59','2015-02-06 06:30:59'),(23,1,25,'2015-02-06 06:30:59','2015-02-06 06:30:59'),(24,1,26,'2015-02-06 06:30:59','2015-02-06 06:30:59'),(25,1,27,'2015-02-06 06:30:59','2015-02-06 06:30:59'),(26,1,28,'2015-02-06 06:30:59','2015-02-06 06:30:59'),(27,1,29,'2015-02-06 06:30:59','2015-02-06 06:30:59'),(28,1,30,'2015-02-06 06:30:59','2015-02-06 06:30:59'),(29,1,31,'2015-02-06 06:30:59','2015-02-06 06:30:59'),(30,1,32,'2015-02-06 06:30:59','2015-02-06 06:30:59'),(31,1,33,'2015-02-06 06:30:59','2015-02-06 06:30:59'),(32,1,34,'2015-02-06 06:30:59','2015-02-06 06:30:59'),(33,1,35,'2015-02-06 06:30:59','2015-02-06 06:30:59'),(34,1,36,'2015-02-06 06:30:59','2015-02-06 06:30:59'),(35,1,37,'2015-02-06 06:30:59','2015-02-06 06:30:59'),(36,1,38,'2015-02-06 06:30:59','2015-02-06 06:30:59'),(37,1,39,'2015-02-06 06:30:59','2015-02-06 06:30:59'),(38,1,40,'2015-02-06 06:30:59','2015-02-06 06:30:59'),(39,1,41,'2015-02-06 06:30:59','2015-02-06 06:30:59'),(40,1,42,'2015-02-06 06:30:59','2015-02-06 06:30:59'),(41,1,43,'2015-02-06 06:30:59','2015-02-06 06:30:59'),(42,1,44,'2015-02-06 06:30:59','2015-02-06 06:30:59'),(43,1,45,'2015-02-06 06:30:59','2015-02-06 06:30:59'),(44,1,46,'2015-02-06 06:30:59','2015-02-06 06:30:59'),(45,1,47,'2015-02-06 06:30:59','2015-02-06 06:30:59'),(46,1,48,'2015-02-06 06:31:00','2015-02-06 06:31:00'),(47,1,49,'2015-02-06 06:31:00','2015-02-06 06:31:00'),(48,1,50,'2015-02-06 06:31:00','2015-02-06 06:31:00'),(49,1,51,'2015-02-06 06:31:00','2015-02-06 06:31:00'),(50,4,1,'2015-02-06 06:31:00','2015-02-06 06:31:00'),(51,5,1,'2015-02-06 06:31:00','2015-02-06 06:31:00'),(52,6,1,'2015-02-06 06:31:00','2015-02-06 06:31:00'),(53,7,1,'2015-02-06 06:31:00','2015-02-06 06:31:00'),(54,8,1,'2015-02-06 06:31:00','2015-02-06 06:31:00'),(55,9,1,'2015-02-06 06:31:00','2015-02-06 06:31:00'),(56,10,1,'2015-02-06 06:31:00','2015-02-06 06:31:00'),(57,11,1,'2015-02-06 06:31:00','2015-02-06 06:31:00'),(58,12,1,'2015-02-06 06:31:00','2015-02-06 06:31:00'),(59,13,1,'2015-02-06 06:31:00','2015-02-06 06:31:00'),(60,14,1,'2015-02-06 06:31:00','2015-02-06 06:31:00'),(61,15,1,'2015-02-06 06:31:00','2015-02-06 06:31:00'),(62,16,1,'2015-02-06 06:31:00','2015-02-06 06:31:00'),(63,17,1,'2015-02-06 06:31:00','2015-02-06 06:31:00'),(64,18,1,'2015-02-06 06:31:00','2015-02-06 06:31:00'),(65,19,1,'2015-02-06 06:31:00','2015-02-06 06:31:00'),(66,20,1,'2015-02-06 06:31:00','2015-02-06 06:31:00'),(67,21,1,'2015-02-06 06:31:00','2015-02-06 06:31:00'),(68,22,1,'2015-02-06 06:31:00','2015-02-06 06:31:00'),(69,23,1,'2015-02-06 06:31:01','2015-02-06 06:31:01'),(70,24,1,'2015-02-06 06:31:01','2015-02-06 06:31:01'),(71,25,1,'2015-02-06 06:31:01','2015-02-06 06:31:01'),(72,26,1,'2015-02-06 06:31:01','2015-02-06 06:31:01'),(73,27,1,'2015-02-06 06:31:01','2015-02-06 06:31:01'),(74,28,1,'2015-02-06 06:31:01','2015-02-06 06:31:01'),(75,29,1,'2015-02-06 06:31:01','2015-02-06 06:31:01'),(76,30,1,'2015-02-06 06:31:01','2015-02-06 06:31:01'),(77,31,1,'2015-02-06 06:31:01','2015-02-06 06:31:01'),(78,32,1,'2015-02-06 06:31:01','2015-02-06 06:31:01'),(79,33,1,'2015-02-06 06:31:01','2015-02-06 06:31:01'),(80,34,1,'2015-02-06 06:31:01','2015-02-06 06:31:01'),(81,35,1,'2015-02-06 06:31:01','2015-02-06 06:31:01'),(82,36,1,'2015-02-06 06:31:01','2015-02-06 06:31:01'),(83,37,1,'2015-02-06 06:31:01','2015-02-06 06:31:01'),(84,38,1,'2015-02-06 06:31:01','2015-02-06 06:31:01'),(85,39,1,'2015-02-06 06:31:01','2015-02-06 06:31:01'),(86,40,1,'2015-02-06 06:31:01','2015-02-06 06:31:01'),(87,41,1,'2015-02-06 06:31:01','2015-02-06 06:31:01');
/*!40000 ALTER TABLE `relationships` ENABLE KEYS */;
UNLOCK TABLES;

--
-- Table structure for table `schema_migrations`
--

DROP TABLE IF EXISTS `schema_migrations`;
/*!40101 SET @saved_cs_client     = @@character_set_client */;
/*!40101 SET character_set_client = utf8 */;
CREATE TABLE `schema_migrations` (
  `version` varchar(255) COLLATE utf8_unicode_ci NOT NULL,
  UNIQUE KEY `unique_schema_migrations` (`version`)
) ENGINE=InnoDB DEFAULT CHARSET=utf8 COLLATE=utf8_unicode_ci;
/*!40101 SET character_set_client = @saved_cs_client */;

--
-- Dumping data for table `schema_migrations`
--

LOCK TABLES `schema_migrations` WRITE;
/*!40000 ALTER TABLE `schema_migrations` DISABLE KEYS */;
INSERT INTO `schema_migrations` VALUES ('20150126151453'),('20150127060142'),('20150127061406'),('20150128070123'),('20150129063449'),('20150129075104'),('20150129083146'),('20150130015432'),('20150130061336'),('20150130065430'),('20150203084136'),('20150203084325'),('20150203084425'),('20150205034445'),('20150205034616'),('20150205060727');
/*!40000 ALTER TABLE `schema_migrations` ENABLE KEYS */;
UNLOCK TABLES;

--
-- Table structure for table `users`
--

DROP TABLE IF EXISTS `users`;
/*!40101 SET @saved_cs_client     = @@character_set_client */;
/*!40101 SET character_set_client = utf8 */;
CREATE TABLE `users` (
  `id` int(11) NOT NULL AUTO_INCREMENT,
  `name` varchar(255) COLLATE utf8_unicode_ci DEFAULT NULL,
  `email` varchar(255) COLLATE utf8_unicode_ci DEFAULT NULL,
  `created_at` datetime NOT NULL,
  `updated_at` datetime NOT NULL,
  `password_digest` varchar(255) COLLATE utf8_unicode_ci DEFAULT NULL,
  `remember_digest` varchar(255) COLLATE utf8_unicode_ci DEFAULT NULL,
  `admin` tinyint(1) DEFAULT '0',
  `activation_digest` varchar(255) COLLATE utf8_unicode_ci DEFAULT NULL,
  `activated` tinyint(1) DEFAULT '0',
  `activated_at` datetime DEFAULT NULL,
  `reset_digest` varchar(255) COLLATE utf8_unicode_ci DEFAULT NULL,
  `reset_sent_at` datetime DEFAULT NULL,
  PRIMARY KEY (`id`),
  UNIQUE KEY `index_users_on_email` (`email`) USING BTREE
) ENGINE=InnoDB AUTO_INCREMENT=106 DEFAULT CHARSET=utf8 COLLATE=utf8_unicode_ci;
/*!40101 SET character_set_client = @saved_cs_client */;

--
-- Dumping data for table `users`
--

LOCK TABLES `users` WRITE;
/*!40000 ALTER TABLE `users` DISABLE KEYS */;
INSERT INTO `users` VALUES (1,'Example User','facebook12636@gmail.com','2015-02-06 06:30:21','2015-02-06 06:30:21','$2a$10$hPnSolaILG8OVPiliKxwI.OPaCAns/sF/JUvmP/orqS/yedm.zbji',NULL,1,'$2a$10$OZaCzyFYh9ObuYtk7BE46.dGOPR6Z662jdDmBoxOusRPbI57UGu9O',1,'2015-02-06 06:30:21',NULL,NULL),(2,'Orion Littel','example-1@railstutorial.org','2015-02-06 06:30:21','2015-02-06 06:30:21','$2a$10$mzfNBbvfE7f0yMyO3nYh1OzbS.adu2Yk7Gg78PhzUcifn3xsXLEei',NULL,0,'$2a$10$g0j63pddMJYoLcTx98wEvOus6KQIVgJJxFHUaqxUUpuNiXE8BGuOW',0,NULL,NULL,NULL),(3,'Arnulfo Abshire','example-2@railstutorial.org','2015-02-06 06:30:22','2015-02-06 06:30:22','$2a$10$oBTB405kWe1TeBukAVaAZujq5CV4PvgXMX11ecuUQsq25dKOukQx2',NULL,0,'$2a$10$UQXp55S61lEucJ01aQWti.p33dvdbm8FBSACObnYg2I2ZYNpATSia',0,NULL,NULL,NULL),(4,'Rylee Ward','example-3@railstutorial.org','2015-02-06 06:30:22','2015-02-06 06:30:22','$2a$10$8cARgx1LeXnUIlTF7OE/.eCpC8FvAa4aOhwt109RbKxKnBb6j355W',NULL,0,'$2a$10$8u5H6ws0Gmw5JycyAkITHusAbI5IuxD1njz7kqA5TOu7mAwkxcT9q',0,NULL,NULL,NULL),(5,'Kian Deckow','example-4@railstutorial.org','2015-02-06 06:30:22','2015-02-06 06:30:22','$2a$10$T8qcBBhaH1d30gbYGRs7XejOPYDZrI7A84OgmKG15TOK9Pj9URBf2',NULL,0,'$2a$10$QYAk5grgWM6ZQRj7QIjweu2BLLjeYczYxDHDl2sktxnjkLQB5PSPy',0,NULL,NULL,NULL),(6,'Miss Mark Kuhic','example-5@railstutorial.org','2015-02-06 06:30:22','2015-02-06 06:30:22','$2a$10$Ki5AeNABbCTsp8nYvhB3WO9Y6UVu/Un4LzcS2Lp9VkfG5xRwIJbMa',NULL,0,'$2a$10$QMUxaOcKLmFdLXd9VmTKUuICMsxp3Y7QzDnX0H6kC2DwnmOfqX/We',0,NULL,NULL,NULL),(7,'Dr. Cullen Beer','example-6@railstutorial.org','2015-02-06 06:30:23','2015-02-06 06:30:23','$2a$10$/y./ypuRoPERKhLZjHZTy.M73KNppVuLE1xD0ircE0t4oprO9zFOq',NULL,0,'$2a$10$u2Jt.EWgdnK7V8LsnPjC4eBgHHl9VP06ASfKMKv6oEJPl71IdTt3e',0,NULL,NULL,NULL),(8,'Esta Watsica','example-7@railstutorial.org','2015-02-06 06:30:23','2015-02-06 06:30:23','$2a$10$A.n4a6/tHXjneWJM0W0KKeuxTPLnNIfWPPWjRJ8HlL.TbC0cYNpuC',NULL,0,'$2a$10$.9cTE7BsCdMFPgN7QyZXTeuA41qNlmfOUBonroxCO7eyZ.BgRJN5S',0,NULL,NULL,NULL),(9,'Ardella Reynolds','example-8@railstutorial.org','2015-02-06 06:30:23','2015-02-06 06:30:23','$2a$10$qZVXT2pnkYmRR9J9f19I1e6qL/f5eacid.tCfV9RUrptAK8AFzSKy',NULL,0,'$2a$10$wi403RKl/eTZ7z8E/ULuHeJUxoxeHmWtdoWgsk/p7bvwGG6pOFewG',0,NULL,NULL,NULL),(10,'Boris O\'Conner','example-9@railstutorial.org','2015-02-06 06:30:23','2015-02-06 06:30:23','$2a$10$v7Yfc1MiLw6YMoycnZyoNObMLfT8L1Vu4Me0jbIth3H8hQjqj0mti',NULL,0,'$2a$10$GkI5RDrVEvkBbySkSPwHPuYhkddqpaGkhfIJblsONgfPtzxNFuTqq',0,NULL,NULL,NULL),(11,'Kayleigh Beatty PhD','example-10@railstutorial.org','2015-02-06 06:30:24','2015-02-06 06:30:24','$2a$10$4KJtAILABf/9MWthJfu/weIjg158aX/J6d/04omwk8odw7tGgbA6S',NULL,0,'$2a$10$Qy.OjFZhTW63S.Ibk6ljrOe6Z7lTXWSCjwNBeLyQVusG6jJigLM7S',0,NULL,NULL,NULL),(12,'Archibald Kiehn','example-11@railstutorial.org','2015-02-06 06:30:24','2015-02-06 06:30:24','$2a$10$/vfzTZ3qir9SFHVfr4oaWul48YQd8QTojBxIYckb4KXij4IVlr.V.',NULL,0,'$2a$10$u9ZYCeph7j2CJRWuYl1myuLlmlSUJb14a6OM8HJR4IV2YjYx9jzG2',0,NULL,NULL,NULL),(13,'Reinhold Konopelski','example-12@railstutorial.org','2015-02-06 06:30:24','2015-02-06 06:30:24','$2a$10$euSis1GiYtlQTliiA2wOeuzhofpL2UZiAgv48UulLFRaHd9RjDkD2',NULL,0,'$2a$10$EdzhA5spXRGazIstRPdnCuaM9AS3cE/DjsgWboXPeHUEz75QH1FUm',0,NULL,NULL,NULL),(14,'Dolly Kuhn','example-13@railstutorial.org','2015-02-06 06:30:24','2015-02-06 06:30:24','$2a$10$.Q8GA7bZ7ryIFfLqZEg61ehmwFGmUlIp1X74s/2nJvR.8I6nYULei',NULL,0,'$2a$10$TJappv8GtAGzya24D7WskeHFSkjk2lb1JKcA2jy9vzzHc929rnt9O',0,NULL,NULL,NULL),(15,'Alisa Bernhard V','example-14@railstutorial.org','2015-02-06 06:30:25','2015-02-06 06:30:25','$2a$10$SbxNw0qI.h9lwNQx.biVZuRrJLjPwDUEd8EMGd1BLQ2CDwgconTka',NULL,0,'$2a$10$xSkkYp.RLwb/mqiskBW7l.UTSP7iQ5Cwx23NlaQBcHOjcSRLuvRH2',0,NULL,NULL,NULL),(16,'Sidney Daugherty','example-15@railstutorial.org','2015-02-06 06:30:25','2015-02-06 06:30:25','$2a$10$9PwgoPaMdCDKQLR5LY8ruOxsHa94QZFxoAn82jSx35nTdvV8k3O7O',NULL,0,'$2a$10$tPCzk4ZooBrZT6j7SBN3Vum5TEHrVu6IlzLQpEHEUUdCdqAd6aJRi',0,NULL,NULL,NULL),(17,'Monty Anderson Sr.','example-16@railstutorial.org','2015-02-06 06:30:25','2015-02-06 06:30:25','$2a$10$6XiSpMziJ.W41hrEAWRmQOwlvO1LGXLHaz1Hqs2gFMR9fHrGC1Ihu',NULL,0,'$2a$10$pzbvI/Id6cNg1HP/52vf3OLpDD.IKm2MBb8b/WiEbIuEiKG4ermWm',0,NULL,NULL,NULL),(18,'Jeremy Zieme','example-17@railstutorial.org','2015-02-06 06:30:25','2015-02-06 06:30:25','$2a$10$BdHNAaO/zcdxiUMgJ9un.uS16uQkdjlB1E4hG6Dk8QcaqHlVtFh22',NULL,0,'$2a$10$hloXYrQ/BweENZTQEhZXBO71FRY3NByb6dG51mhQeI1myO9Xw.yay',0,NULL,NULL,NULL),(19,'Alexzander Harris','example-18@railstutorial.org','2015-02-06 06:30:26','2015-02-06 06:30:26','$2a$10$T3IEmIvGNsz.TYPmaxfjnec.IkjLGYh3g7fJKqcSS1uTyVLEecAOa',NULL,0,'$2a$10$NYxD/N6.KgveyWzDaiFThOxChB9UoTDZeKshPIPL/9prPQGl3fOZi',0,NULL,NULL,NULL),(20,'Cory Mertz','example-19@railstutorial.org','2015-02-06 06:30:26','2015-02-06 06:30:26','$2a$10$xbLhs7FNjPkZa6hnGVaXfenHq8qskTzU0I.A4fE5hssnqR2zR.e8u',NULL,0,'$2a$10$bpSjhFtBP1EbRBMrjfqUZONjnn6wQ2/GWMBa..4JfoltaPnfnudYC',0,NULL,NULL,NULL),(21,'Rudy Hagenes','example-20@railstutorial.org','2015-02-06 06:30:26','2015-02-06 06:30:26','$2a$10$s1jjjCZepOER4F7ZUjYNhubAGJ/RWmMOgDrgp97lDmspaTmUobTxu',NULL,0,'$2a$10$coC2QmnFf2Wut67m/uL4pujSOuhUg47LzIqMi9DCKBt7Fav10AiT.',0,NULL,NULL,NULL),(22,'Jacques Ortiz','example-21@railstutorial.org','2015-02-06 06:30:26','2015-02-06 06:30:26','$2a$10$EnU3e7rD5jRgjHsNx2QHhucu6ElKTi0uIovlMwx8uX0kSIftmlTpi',NULL,0,'$2a$10$EIAG0w077bBtfOEK4eI8weh.qEkdyayAbewqcjHZBwgttbjpypHuC',0,NULL,NULL,NULL),(23,'Rigoberto Ward I','example-22@railstutorial.org','2015-02-06 06:30:27','2015-02-06 06:30:27','$2a$10$dfcxywGkpnErW5tQ5pmkDewkGvhM3DMBwIEMq7frZLg2fuB1bRZNy',NULL,0,'$2a$10$A2/I7p.ZNU7OflsyRYqBcugBzpSlvJ0rDuGMBZZyn5WlihUBNAcAW',0,NULL,NULL,NULL),(24,'Rubye Kassulke','example-23@railstutorial.org','2015-02-06 06:30:27','2015-02-06 06:30:27','$2a$10$1Pl08xgRy5/s5TkanWSNAuajmzQsZtv97MK//YSfjxy8jPNlGdlam',NULL,0,'$2a$10$1rs7A0Tc9XKxcKo/HvKBXemAt3cKOnKmLbQPpLZdefyrt.i66J8h2',0,NULL,NULL,NULL),(25,'Dr. Raymundo Nader','example-24@railstutorial.org','2015-02-06 06:30:27','2015-02-06 06:30:27','$2a$10$2wFrrI0rS2ay75a3kqgHQe/UP5k8ELR4ePU/K.dMPpRwJ7Y/MvcJS',NULL,0,'$2a$10$tqvSwdh5/AMPmgl0VVQJ7OpPIy6CAyI9iMRer7hxCANbmhiV5BPhO',0,NULL,NULL,NULL),(26,'Jett Kovacek','example-25@railstutorial.org','2015-02-06 06:30:27','2015-02-06 06:30:27','$2a$10$IwP3px7psyMdgEoJ4VA6iewTK3zO1M74dh9YK9mmI4nU74dIUFlEO',NULL,0,'$2a$10$7xUe3DzsKdXHhy7Iqxan9Ow0mjbLY5E4mQ1l87dvX5qhzN81QKPMC',0,NULL,NULL,NULL),(27,'Mr. Frederick Reichel','example-26@railstutorial.org','2015-02-06 06:30:27','2015-02-06 06:30:27','$2a$10$2BKasV9MhjxjlYCxcyUOMeibf5GWxgygDHlA.srZdYzLQ.EatuMqG',NULL,0,'$2a$10$/S/jGPCWewRiWbtU4WwI8OMkJNP0mz4R7Hck6p2TyjNYOn5F3qudi',0,NULL,NULL,NULL),(28,'Maya Becker','example-27@railstutorial.org','2015-02-06 06:30:28','2015-02-06 06:30:28','$2a$10$96CVCsRkA0Ww.8j6UV2z0OeruUa9stpHb/chVYC6MkeY3gwLeT.RG',NULL,0,'$2a$10$D4mHkEwTvc/PllvSoRxhXuxJkdk15yCsNuVPR4i7BK6Ikt2zgjy52',0,NULL,NULL,NULL),(29,'Wava Fisher','example-28@railstutorial.org','2015-02-06 06:30:28','2015-02-06 06:30:28','$2a$10$s0z3Jr6AQOfrLQPpNxXMsOue9ZmbKdvbHgIzu1hvyk.QKpLYStvLi',NULL,0,'$2a$10$wh3PjC4/i1CRPJ6gJ7m0xOi3m67rG8t51p7ZWOqOLHgXDuPC1V2Ga',0,NULL,NULL,NULL),(30,'Dr. Arnold Nader','example-29@railstutorial.org','2015-02-06 06:30:28','2015-02-06 06:30:28','$2a$10$AbMuYykU11rFdTPuiHSMa.T3De0taqzg2xNfmMXZAWguL6VSL8Czu',NULL,0,'$2a$10$N6S/8jSUr4xV2mI2hcGMveLGbCnkjNDUPo8yRKi59BbyH5jsdGbYq',0,NULL,NULL,NULL),(31,'Ronny Roberts','example-30@railstutorial.org','2015-02-06 06:30:28','2015-02-06 06:30:28','$2a$10$tF1/LVJk5JBiJWVNNuOC6ujHIh.Gx1gqe2XRJ1umG9JoO01HETglq',NULL,0,'$2a$10$p28uPLYsw7thhGyKZ.RAWu1tJtToIIyQXg1O/veLU0siyQuoAA7f6',0,NULL,NULL,NULL),(32,'Donny Goodwin','example-31@railstutorial.org','2015-02-06 06:30:29','2015-02-06 06:30:29','$2a$10$r67wCdClcbzMI.HX6KidYuBSzwny/WCVt3v.fBUxRc9pan135E0Q6',NULL,0,'$2a$10$btEqARqlxSc8IMi5zZAhO.Pr.hiitBMFhUjc.6gQ1ddVAsdE6hBoC',0,NULL,NULL,NULL),(33,'Miss Lon Hintz','example-32@railstutorial.org','2015-02-06 06:30:29','2015-02-06 06:30:29','$2a$10$.1QaAkIyuu/FmMH7F/bNZ.YjEcwG0hEJWa6S1UeXmfO0BXnXbz8Pe',NULL,0,'$2a$10$RGxdgRN/jg0y/6laWvCdpuUvwQdddDHWBQJ9wQ5X2NdDaJbxfOBXK',0,NULL,NULL,NULL),(34,'Brock Kemmer','example-33@railstutorial.org','2015-02-06 06:30:29','2015-02-06 06:30:29','$2a$10$wodVHDMRIJegWEvvW2gLz.7v2/i4tTYwRaoJaeEYDB/jhGKA4xopy',NULL,0,'$2a$10$BLns4CZ.pXbdXYq7hRT1Ve2B7eDkLuyEnjRD.fHjpzNm/qKBT/Qfi',0,NULL,NULL,NULL),(35,'Pearlie Satterfield','example-34@railstutorial.org','2015-02-06 06:30:29','2015-02-06 06:30:29','$2a$10$YzW1xG77Te3du07V5Ziy8ewc38NeOPzomVWosADkV60iVXb4COaXi',NULL,0,'$2a$10$alTKDCQy05eZT19IgDgxnOvjWaCl3alA6Y4l3U/AxhByEq6IO0f0O',0,NULL,NULL,NULL),(36,'Kiana Mayert','example-35@railstutorial.org','2015-02-06 06:30:29','2015-02-06 06:30:29','$2a$10$STXK05n6qGCmDMs4jmq8nefeW0IXUyRRbr7L3WNelDTzeMx0h3976',NULL,0,'$2a$10$TJbWyJE6JDw2HDhSRfgHyeiTHgHSjKGsoutz.YlxuA9.adjZiuRNO',0,NULL,NULL,NULL),(37,'Dr. Chadd Nicolas','example-36@railstutorial.org','2015-02-06 06:30:30','2015-02-06 06:30:30','$2a$10$dVSSocS6C67AnJicWpeM7urgTPABJKzjisVtMKIuCCfWpRy6rWaHe',NULL,0,'$2a$10$kqOK2D3QWt0nbIbO7I4SD.2ZJZZNtXd2DnIYzFLPudl3l5qvsuDky',0,NULL,NULL,NULL),(38,'Dr. Sylvia McLaughlin','example-37@railstutorial.org','2015-02-06 06:30:30','2015-02-06 06:30:30','$2a$10$sn8Eg9qam1Zww.ns5tanhuyRwA91xm44AmqsYSeozadJblhHdXNCi',NULL,0,'$2a$10$VYZ.LaBmW.r8n9L1JIiUPuKOcF.XlizzK6nYd.I0wq3VPEF6ioKEG',0,NULL,NULL,NULL),(39,'Hilario Thompson','example-38@railstutorial.org','2015-02-06 06:30:30','2015-02-06 06:30:30','$2a$10$z4f0X7PPYmbwyeciAoC7AuQhd3RLrRTAn7m.MDkkaSleHd1S6wLAi',NULL,0,'$2a$10$aZpHxQCNuHRgc16m1aPm3.gMxdDoNNydGW6HJFTS.THa6hV9IUzam',0,NULL,NULL,NULL),(40,'Griffin Grant','example-39@railstutorial.org','2015-02-06 06:30:30','2015-02-06 06:30:30','$2a$10$VfvuxL6mnljpc0eqVvNzA.4zy/ILTUrgxoK/Pc4H5MMaho8P/Pm2e',NULL,0,'$2a$10$AydIQvR8z9JH9CH/P54SpuzMcqJ12sJ1QQjx.dHbTX3dQHzseq56O',0,NULL,NULL,NULL),(41,'Kennedy Altenwerth','example-40@railstutorial.org','2015-02-06 06:30:31','2015-02-06 06:30:31','$2a$10$nceUEWnFWUxZu9QoKsTSLOpnk.haFRFiE37FkfSWiuLojWutoCGHO',NULL,0,'$2a$10$xeq7mfi8dYwL2hrq9N3X0.hlSC356Pr6WoG6/dZ.2BL9yRsEzADxa',0,NULL,NULL,NULL),(42,'Rigoberto Kunde','example-41@railstutorial.org','2015-02-06 06:30:31','2015-02-06 06:30:31','$2a$10$49/Vav.Ybb5Dy6hzC.SF7.RXsIq0MVa1xtaRMHURSY1bKRR7y8xFS',NULL,0,'$2a$10$5BaeG3mMNmnIbwSKZhXHy.YXjULT6yGo8Iinq3uyjoU3HNt5w9D2C',0,NULL,NULL,NULL),(43,'Mrs. Abbigail McLaughlin','example-42@railstutorial.org','2015-02-06 06:30:31','2015-02-06 06:30:31','$2a$10$oHyZ1Ep9EtZZ/K7w3foEq.KIVMkd421Nrt6sd0fTILut2vtU70Voy',NULL,0,'$2a$10$OuQjYpBXc49HXk1EOeYfFeDr6sQTzkAe5b5LjG0aXsOU8gKcRciYi',0,NULL,NULL,NULL),(44,'Rusty Klocko','example-43@railstutorial.org','2015-02-06 06:30:31','2015-02-06 06:30:31','$2a$10$5ToNYRT7G8nzPfGgYyy8GOL1QMjiAEGuPBms2D.HdJxrKNAPoyqb6',NULL,0,'$2a$10$ZQnBaccuXz9NbugKG8RDZ.YAjm009zfbtOpACt7cm3dCSOA35fa3a',0,NULL,NULL,NULL),(45,'Cale Considine','example-44@railstutorial.org','2015-02-06 06:30:31','2015-02-06 06:30:31','$2a$10$2M8X9TvbA/uJmB1ybmqKU.FpWnlpe9L5KIFb1754DaW2HkpsxK6tK',NULL,0,'$2a$10$LTGAaotwHnQy0EbXx4KGnOFfuxg1ggzWvxeHhZESaIzyU9TkkLGUa',0,NULL,NULL,NULL),(46,'Clyde Howell','example-45@railstutorial.org','2015-02-06 06:30:32','2015-02-06 06:30:32','$2a$10$hZnQeh3PvvUHVmGw7elukOW86EoEw2SofPXJJisGRH39jZNakRM4W',NULL,0,'$2a$10$zXFxvZQzAO5SqhHbp1.ZuuXuFLAGhhkDPgdYdl3bkmJSYeqUdbDHa',0,NULL,NULL,NULL),(47,'Peggie Stanton','example-46@railstutorial.org','2015-02-06 06:30:32','2015-02-06 06:30:32','$2a$10$CJUpyaGid2qvbJ9/wZgZC.eoOQ5WHXFameF5/dxDRDYrcXOylNopy',NULL,0,'$2a$10$Nrk6GEpuA3Sl0s6ZMcPHBOtim.DZSRDKP8iUSrasiVTmFzQ5NF8su',0,NULL,NULL,NULL),(48,'Cleo Emmerich','example-47@railstutorial.org','2015-02-06 06:30:32','2015-02-06 06:30:32','$2a$10$cSgH.T5DeB9sAWvbakUCke9WUBaRGAKsq9qb9tt21BeASwSt3.Kb2',NULL,0,'$2a$10$ybKge9AhI1ui2MOYYgwPmO94tmTCos5Lr5Q9pA86G3ge48r/fBqia',0,NULL,NULL,NULL),(49,'Lisa Grant','example-48@railstutorial.org','2015-02-06 06:30:32','2015-02-06 06:30:32','$2a$10$5b35QZChyPOexfCMwEUyVu8mMY64FysYuXYqMbf3N15sVfWrIMvA2',NULL,0,'$2a$10$DdWAJFLUkEubWB.i90GKA.BAizrr9ABeMnVEdRG2o.prhrDXlznRq',0,NULL,NULL,NULL),(50,'Price Brakus','example-49@railstutorial.org','2015-02-06 06:30:33','2015-02-06 06:30:33','$2a$10$l/p4r04zcbaCRf7YU.I7Su8GbFlbshkYNvc5Fvp9KdvhPlLIizFf.',NULL,0,'$2a$10$y9uL.C7attG.soWgoAlIIen/l1ZYI3MQ4ErX4Q97iq/mfUOIskK22',0,NULL,NULL,NULL),(51,'Dr. Pattie Connelly','example-50@railstutorial.org','2015-02-06 06:30:33','2015-02-06 06:30:33','$2a$10$Punr40haEeZspnh2AEltEeWi6X1NrzsMJCLsyXI1zBURqb7X7wwty',NULL,0,'$2a$10$qAKj.clD.galhJbE7GSvQevZ96JsWav689uxhzzvw1ZfKW56/tQea',0,NULL,NULL,NULL),(52,'Mrs. Macie Wilkinson','example-51@railstutorial.org','2015-02-06 06:30:33','2015-02-06 06:30:33','$2a$10$QFSF.6YLOcCLFPEZAPjk7uwpT5jUJ7bBAGujZs/g7gSBpwBaRF9H.',NULL,0,'$2a$10$roQcnNPuvV0dj50diE0/T.rLzdZXrUmuvVHxxxwCzO0qU5//zt0tC',0,NULL,NULL,NULL),(53,'Lyla Cronin','example-52@railstutorial.org','2015-02-06 06:30:33','2015-02-06 06:30:33','$2a$10$UoDExf7Oj40Zq6l2j4apmOqJhsXPcQH5pN5VirNe.E4.Q8R1rwd9y',NULL,0,'$2a$10$S47aSmNRk5K0ZfGek3xqVuuhYIyMMt2VCF4sjD/2tQytoY8oFAGny',0,NULL,NULL,NULL),(54,'Genoveva Adams','example-53@railstutorial.org','2015-02-06 06:30:34','2015-02-06 06:30:34','$2a$10$9BhW9u4K/MaJOqfs5ITLrefNkqzN4wZ8R7IiFCWekW2ilVFjSYOk2',NULL,0,'$2a$10$S96pAmL5Qw6C22SMAIYySOsxkpVAujXzVyyieIJFvOVbr87TNf96.',0,NULL,NULL,NULL),(55,'Clair Sanford I','example-54@railstutorial.org','2015-02-06 06:30:34','2015-02-06 06:30:34','$2a$10$Ln5VVJeqkMtOQoFF5loOwudD4Jlm/qEzZln2nLOIzJ31/RSj/jYXq',NULL,0,'$2a$10$hEkb.6ISnf3f7z8W7SiiROrE9rZrNe54rD1kN6EKiWtdGMGeZ2oX6',0,NULL,NULL,NULL),(56,'Mrs. Cecile Keeling','example-55@railstutorial.org','2015-02-06 06:30:34','2015-02-06 06:30:34','$2a$10$uC34DaSFDnhjDaM5Hys6DO10M.Bmd3ryqcvGacIm4Oi94TB67BDgC',NULL,0,'$2a$10$U.309Xrnoi57G23NyGnuaOPcmjvR5ZJ4r/Tuzps33dpIth97UsdCC',0,NULL,NULL,NULL),(57,'Julianne Dibbert III','example-56@railstutorial.org','2015-02-06 06:30:34','2015-02-06 06:30:34','$2a$10$7UArjFgHVXeU5KFh0QZhBunmMClyBX7dMVbcHQTo/dbX887qGwjZi',NULL,0,'$2a$10$iIKh0/Ye.Uf4GlhXtR6BueQPx11R/ug8zhK7ZB0FgTkPBq.yqzjcy',0,NULL,NULL,NULL),(58,'Mrs. Waino Willms','example-57@railstutorial.org','2015-02-06 06:30:34','2015-02-06 06:30:34','$2a$10$ZHYPPBRSPB6iEyaUioNqN.tfIDp7WXreJZ7/1gsmaqMRQ8LzSVXuK',NULL,0,'$2a$10$kp1IrHxWbrRaKLmiWldwA.yOPYycH7SyU/Yu1gdCmMsfibhMwrWR6',0,NULL,NULL,NULL),(59,'Wayne Haag','example-58@railstutorial.org','2015-02-06 06:30:35','2015-02-06 06:30:35','$2a$10$8E0n2i3DaJkGsH0dtcCQteZfgKyGxT3aRvT5KrUrIx01bNpfMh0Bi',NULL,0,'$2a$10$48xb3/Qh.gUIYZzpozdlRuJGPnUJz3jgCLbtHHUbpHebzwWpXL8Zy',0,NULL,NULL,NULL),(60,'Lexi Jacobson','example-59@railstutorial.org','2015-02-06 06:30:35','2015-02-06 06:30:35','$2a$10$vugW8pbkQu4ClBapzo84O.n42qnIAdNkH172PfaTxtwDFV53zFWf6',NULL,0,'$2a$10$5yKkstO6Kn5RIHhx7zSqL.9v2GpRg96uIBscgPxf6K9OJJWRBmE76',0,NULL,NULL,NULL),(61,'Ms. Mustafa Denesik','example-60@railstutorial.org','2015-02-06 06:30:35','2015-02-06 06:30:35','$2a$10$KMv7jVT4Dz9NJF4qcNvU7uRPWodACRcjc54YsEgkCU6xccZ900bCy',NULL,0,'$2a$10$xaFoDe2.rcdjNyyYrfOIRea393eqm0lfxVVFhz/nDvZDSl6jBeQEi',0,NULL,NULL,NULL),(62,'Aidan MacGyver I','example-61@railstutorial.org','2015-02-06 06:30:35','2015-02-06 06:30:35','$2a$10$IKHviPWGOLKfbc.6RZ3S5eU1lCaeNdiD9LUCyhtKIrY9pIej6qscW',NULL,0,'$2a$10$VvhQjtwG8.r1Y58oCs17Cu8pLu4vXMpFsKlN0bvGZ6HogAyp/1AF.',0,NULL,NULL,NULL),(63,'Dee Gleichner','example-62@railstutorial.org','2015-02-06 06:30:36','2015-02-06 06:30:36','$2a$10$Gvv5IfTkiDt2/Vq4r/lAS.jetdJYdGTDD7XK49zdYrafWP//mf2ui',NULL,0,'$2a$10$qaQo2HPUjH9eSFb.TdCSYuQc/7exJFtld5e12ZzXpSBp8s7Pa2Rtq',0,NULL,NULL,NULL),(64,'Miles Moen','example-63@railstutorial.org','2015-02-06 06:30:36','2015-02-06 06:30:36','$2a$10$0vxf3dch05siTbBf1G.MHOGXmuhn/wL2eKlWxw04z2tVqOR.wnWZu',NULL,0,'$2a$10$BJLY6MPyFvSv9AtSt66VHeQ8mkRaFTh6JAUIxs7EZTKnFeqsH5eFy',0,NULL,NULL,NULL),(65,'Ansel Kiehn','example-64@railstutorial.org','2015-02-06 06:30:36','2015-02-06 06:30:36','$2a$10$nMoOlNEgay0IfsmjXzpeR.8VwZu4tnluc5s0fcktDW2IwVjsBPQjO',NULL,0,'$2a$10$6CpxOZDwXvePr8ejWHTfAuZAaka1dnw0hNOsh0wVKS2NDBXvM6JKa',0,NULL,NULL,NULL),(66,'Kristofer Pacocha','example-65@railstutorial.org','2015-02-06 06:30:36','2015-02-06 06:30:36','$2a$10$nUJksfHhbi/0SVMCgGMkhuUfnLq6ziv.NWpQPrB6nGJMKJWIztLLq',NULL,0,'$2a$10$6ogbU.Tf8y4IwU1zkn1Cve2rDk9.tZbH02vT4.U2Bz6x9m3Av73wK',0,NULL,NULL,NULL),(67,'Roy Walsh V','example-66@railstutorial.org','2015-02-06 06:30:37','2015-02-06 06:30:37','$2a$10$jUShTQtxlevSPr4wNjICuOELINoGi2A1HTqZOQZHbOHLnw5RHHzP6',NULL,0,'$2a$10$/fuDXej/6frgW3thwQ6kxeWgOnsTp0mZZQRg0fml6SvbQwN0q.UAe',0,NULL,NULL,NULL),(68,'Norwood Jenkins','example-67@railstutorial.org','2015-02-06 06:30:37','2015-02-06 06:30:37','$2a$10$cMcuTpJWS1SI9FMAskrAc.KmTPWpFjJE6Uc2EncieDZLKraOUwaae',NULL,0,'$2a$10$SDAKdc2epQ/YvYN9creUkuSxvTTUCFTXHuuXMVNwHavSjQgQwdGKi',0,NULL,NULL,NULL),(69,'Pablo DuBuque II','example-68@railstutorial.org','2015-02-06 06:30:37','2015-02-06 06:30:37','$2a$10$RacDfYLMjX.CqEkFJStGou/MlmEVLYE1RHq6nQFxlVSELYq4d4CCm',NULL,0,'$2a$10$WVDJRdRkVruIU8.nN0CY5O2DLu8Byt4p.hE97M5VTfbfybWp5rPuO',0,NULL,NULL,NULL),(70,'Bethany Homenick','example-69@railstutorial.org','2015-02-06 06:30:37','2015-02-06 06:30:37','$2a$10$zpTfb5bZZBMHSTX.9/cHpuTlv6ZgAETIzBmsnC8yQEHLaeuR2offK',NULL,0,'$2a$10$iiUEOvu5/kL2YScgek9mzeeOrmvvlqbUNh2tBI4CZzxjw4KHT2zK2',0,NULL,NULL,NULL),(71,'Kaden Jacobs','example-70@railstutorial.org','2015-02-06 06:30:37','2015-02-06 06:30:37','$2a$10$l1RRc5G/7h2b7aYxlJal2.QSw8nWxaLJoAd.W5nJ9SMvq1VEZkNkm',NULL,0,'$2a$10$xAc8.kmTvqcDBrXFpWGL8.TTbuhYPWQmz6yrhC4nFuLjQAfABNofW',0,NULL,NULL,NULL),(72,'Greg Heller','example-71@railstutorial.org','2015-02-06 06:30:38','2015-02-06 06:30:38','$2a$10$Hs0WuOFZKqPvQIOILaogNe89H73BAXvRrOrvmqWUCE.OtmUo4q1T.',NULL,0,'$2a$10$Gg76ITOj5QjST4Clj8anwuG1veiLrnJ9gTADs12khnBiJYj4WP.O.',0,NULL,NULL,NULL),(73,'Tremayne Torphy','example-72@railstutorial.org','2015-02-06 06:30:38','2015-02-06 06:30:38','$2a$10$7LvilBvs3GMMk8NXCMKF2e9ZAg5UpNw5jtlUxMwoh8B/YuiOGmq7u',NULL,0,'$2a$10$LZUXeKdwWu3UYRP79XLAoOPvqn8AQx.nfcmJqePbVvpfamrO8TMYi',0,NULL,NULL,NULL),(74,'Easter Deckow','example-73@railstutorial.org','2015-02-06 06:30:38','2015-02-06 06:30:38','$2a$10$KExZG1pyP..HtunEWOb.YOoI0wJ5NVC9J9lUSHbXGLnO8ZEsAgeMm',NULL,0,'$2a$10$NBAGfX5wmqe8OFlDhsH23OAdD6ccdLsIBW2/xmfeJQ/4PhgFJ0xEO',0,NULL,NULL,NULL),(75,'Mabelle Becker','example-74@railstutorial.org','2015-02-06 06:30:38','2015-02-06 06:30:38','$2a$10$dFh/tHCnsGSIY.z7I7Ee0.T24hVbR74jg.dAx3PbIEf6Vt1EPKCri',NULL,0,'$2a$10$sHvcbfKeSWrddbGjB0ktROc4GNTAO0WG6eUTaRm/ROloG7iMIDU3.',0,NULL,NULL,NULL),(76,'Maud Fay','example-75@railstutorial.org','2015-02-06 06:30:39','2015-02-06 06:30:39','$2a$10$mS5aJ9l2/FHRi8j5Tb4Z2e3Cj4evtL6kesKnNn3aozMgJXfhQNqW.',NULL,0,'$2a$10$gwliXSIOXxNcSDRUeyg46uc.BJxL6hiEc/bQH0ruDhpJiKqgQQupC',0,NULL,NULL,NULL),(77,'Maximilian Ortiz','example-76@railstutorial.org','2015-02-06 06:30:39','2015-02-06 06:30:39','$2a$10$pPmrrQ2VqwXXKzi5s9DVU.XSFrFB6UxclAc9Cmo5oR7HOu5bF72ee',NULL,0,'$2a$10$Vd9OLJpeGfMRWmh4/A5E1eLRtq95TRpp5u1LjQJ3.Kj4xa43CjA46',0,NULL,NULL,NULL),(78,'Miss Cassandra Yost','example-77@railstutorial.org','2015-02-06 06:30:39','2015-02-06 06:30:39','$2a$10$/7oKPGHNnFkoUf/0gAv.rePngekQ23qvXdcxRRm75IoO5jGJ1Ae2a',NULL,0,'$2a$10$31Ke5ZEspTY..d98iOmj7u9wE9mgD8jtzAqvogr6IDZ2n62WRMKVG',0,NULL,NULL,NULL),(79,'Luis Hettinger','example-78@railstutorial.org','2015-02-06 06:30:39','2015-02-06 06:30:39','$2a$10$MiSnP7MHrP.NUcAmeA83G.9LDz4OxxwSzOnU3Ym2695FjyspmjfiK',NULL,0,'$2a$10$5ZADmKHTs2BH2QyQfxB91.X/txfRvZzJFyGJXTFakbERYFPgYUoHu',0,NULL,NULL,NULL),(80,'Melba Graham','example-79@railstutorial.org','2015-02-06 06:30:40','2015-02-06 06:30:40','$2a$10$vgOKYWgCOAZGkqHzLNMPFuGnJ7G6.5aXtQFwLmcV5HcVpa.lDnmPW',NULL,0,'$2a$10$UayuPRX69eRDcddPs0xTM.9UXGGUNVJsPVK6ozLmUsxwrxtAl3SaC',0,NULL,NULL,NULL),(81,'Lenny Rice','example-80@railstutorial.org','2015-02-06 06:30:40','2015-02-06 06:30:40','$2a$10$l1RjwqO/fwgLHhOS5vsq7.RH3zfCGWaOcKcjeoY6RE91uCQBeX4ly',NULL,0,'$2a$10$t.YxVdZHaC6R7fzPeHcvyeH.MnOmteBpHK8p9tM8Ey/rZJJV6vcHq',0,NULL,NULL,NULL),(82,'Ally Wisozk','example-81@railstutorial.org','2015-02-06 06:30:40','2015-02-06 06:30:40','$2a$10$rZolgIAgG3khkD39n6AGCumXwiYbNAHBpHUgSBgaWjmyqJC2gbVce',NULL,0,'$2a$10$cQEjR3aKd41/LjFm9XTQC.EbCO98FGS1IEhbd0YLKubjeVEHd5/re',0,NULL,NULL,NULL),(83,'Tristin Stiedemann','example-82@railstutorial.org','2015-02-06 06:30:40','2015-02-06 06:30:40','$2a$10$6yRwiKpXT5AHFquyDYnehOKnJCXz2WVnjCfCLvl68SnuIGcLcHsze',NULL,0,'$2a$10$7UP9cJn2PJfaz7H05iKu6uGFeTEr9NUiUGCar5nbjWgtB7UJ9ceRe',0,NULL,NULL,NULL),(84,'Gail Grady MD','example-83@railstutorial.org','2015-02-06 06:30:40','2015-02-06 06:30:40','$2a$10$Lgz9s2/lBz4MGxbwHUxw5utAvbEEJPj3eE91L08lN8xsMN9ty7OLO',NULL,0,'$2a$10$DWsjJg24Sy0UWk4c80IqG.rkIeVVVLBKZkl5Wo8tiBP3X1C9wG/Oa',0,NULL,NULL,NULL),(85,'Bernardo Hauck MD','example-84@railstutorial.org','2015-02-06 06:30:41','2015-02-06 06:30:41','$2a$10$hZQ920VsCbPM.xgy/ZE6iel04S988VOGAbBFMOTPiSt7Ucm3pdsG2',NULL,0,'$2a$10$3a8rQHqH1ZHbjz/YaqYW.uSnL1RDZd5B3hPv5JwaNU.E7wqrABHGi',0,NULL,NULL,NULL),(86,'Janet Ebert','example-85@railstutorial.org','2015-02-06 06:30:41','2015-02-06 06:30:41','$2a$10$6QPklAOnzHGDMtwPgj85UOFTFY.t2L4GtuN/FQTNNuIK.xTKPJfZS',NULL,0,'$2a$10$Pi7v7RI2v.6CILt7XGZYL.Ir/kXf/ZzaMmF7KZz231MJ2d7hnPsKe',0,NULL,NULL,NULL),(87,'Bonnie Gottlieb','example-86@railstutorial.org','2015-02-06 06:30:41','2015-02-06 06:30:41','$2a$10$gw0acMsFd9gEYSlrT4DSXu2WuQtrug9LyKrxMBYsyLDHImJ60Bkoi',NULL,0,'$2a$10$2cbeY7BR2M/1Z6iCj0DUKu7tVHLxA6xGVevC6FIvfoDse6xD5Dxkq',0,NULL,NULL,NULL),(88,'Minerva Mayer','example-87@railstutorial.org','2015-02-06 06:30:41','2015-02-06 06:30:41','$2a$10$ZKVF1.yyihnB.tIM7EaXP.QOIeP5jK06/PfLTYgR.6BXGa2MpHSXu',NULL,0,'$2a$10$jzLj5TX2Hgigu5qw1crHyOZMOshIAioxzUUsSvoUpxT9OW.je2nPa',0,NULL,NULL,NULL),(89,'Jeramy Lesch IV','example-88@railstutorial.org','2015-02-06 06:30:42','2015-02-06 06:30:42','$2a$10$ZDTYXdtJUCrDBAkbHyMVhO9Ck8coL2Tfjc9IsajskfodU9SyuXoKa',NULL,0,'$2a$10$tM1Zi6tG.7x4Uurn9K3G3.ux5/S7oA2T.8biPq22p90UsL9q6bFA.',0,NULL,NULL,NULL),(90,'Katelynn Windler','example-89@railstutorial.org','2015-02-06 06:30:42','2015-02-06 06:30:42','$2a$10$GrnSUjsK7kE/sLa7N8HkJ.PHZCmwBxvTPLP4Id0uGZ.R5F4NdSkCK',NULL,0,'$2a$10$yX6w.wA4i.vWylsYqRVryeMPF2XcLplTt3OVY0c3ZqpGWsrF2kYXK',0,NULL,NULL,NULL),(91,'Jace Deckow','example-90@railstutorial.org','2015-02-06 06:30:42','2015-02-06 06:30:42','$2a$10$H26j5euGPeRvWLU1Y0gQJugBy4rsT85VCvkCxYSn6orCEwU5ZiZDS',NULL,0,'$2a$10$E1PhSeGYp65MYWviXh2hae7zmoPywZWbGPDJmzvSPRboCIl9e5z1q',0,NULL,NULL,NULL),(92,'Marjory Hills','example-91@railstutorial.org','2015-02-06 06:30:42','2015-02-06 06:30:42','$2a$10$aHro35Ppb/pLIyODJbaLcOE8qSUWceIlQi.mrCbv0zLfaNHk4BePO',NULL,0,'$2a$10$z444/CMOUq8QmZuow0Nc..VdsFpxqhXOJXbh5YLUi5do1abpHQG/.',0,NULL,NULL,NULL),(93,'Savanah Roberts','example-92@railstutorial.org','2015-02-06 06:30:43','2015-02-06 06:30:43','$2a$10$/KDbo0zBqLv6ZdJr/YiFWeDTgv3I76OfCJCDrO6ytKRREP9.YIBf6',NULL,0,'$2a$10$1/mZRZEdYxRTy..z.MKiCOSEprAAZSultDYN6cXNECKnAjPVCfISG',0,NULL,NULL,NULL),(94,'Angie Stokes IV','example-93@railstutorial.org','2015-02-06 06:30:43','2015-02-06 06:30:43','$2a$10$sT/0Du53lj28yPyxveb/ceYlYSeklPX4ofJ4piwUeYTkZ3h2vClEy',NULL,0,'$2a$10$Tj5Rh.BHRpzF24VKdsaAfOUyYyI7oJv3513Yj34ZUe20tnj6LKiI6',0,NULL,NULL,NULL),(95,'Miss Amelie Haley','example-94@railstutorial.org','2015-02-06 06:30:43','2015-02-06 06:30:43','$2a$10$0pkBan0w/7X8pRJT5uk2R.vWPrOXy.9.enPChGVj/.inN6LUVupVS',NULL,0,'$2a$10$sMtTvJhgccOwtsheRVoeuOs9YT05ZTH7O/PYjsQU8orlZhsal9fWm',0,NULL,NULL,NULL),(96,'Candice Hayes','example-95@railstutorial.org','2015-02-06 06:30:43','2015-02-06 06:30:43','$2a$10$8Juaz6ddX0oOY5VSwZXVi.xS//XzzOVmjmDwnBSn0HH76Wg0biHd2',NULL,0,'$2a$10$/agEqJ1vYQfkSE8RQfzgtOn6Cnh7YFykqCAuvj/bqGQ5Vuxt4h/pW',0,NULL,NULL,NULL),(97,'Miss Antwon Kohler','example-96@railstutorial.org','2015-02-06 06:30:43','2015-02-06 06:30:43','$2a$10$IQM/mmv4A0todyY.SD3I3ODvl8Plg.sphh7pE0wuqJF/uoClzOXFC',NULL,0,'$2a$10$3lVcfAgEBLpeUX92v3ALXe5.o/FdTwAXx4BIwmkF/2ZwLD46d2kzu',0,NULL,NULL,NULL),(98,'Trystan Gorczany','example-97@railstutorial.org','2015-02-06 06:30:44','2015-02-06 06:30:44','$2a$10$e4LA37ZWzWDG5LJbBRsqTeNWobCSQWqXaX4eD9edWhka3h2OkpthC',NULL,0,'$2a$10$0hNgoxUKHE8cHMnmkD8p7..jCWFhCVpsUtwHjtw5DHiwFjfax4i2m',0,NULL,NULL,NULL),(99,'Dr. Stephon Kunze','example-98@railstutorial.org','2015-02-06 06:30:44','2015-02-06 06:30:44','$2a$10$VblHf.knvPJcCeEEpTid/ue0TIcAlBTa8.61YynOAw1AfnK4Ntpd6',NULL,0,'$2a$10$iwNULljQCaRI7osMcItXyeucGq1GnpHkf0Z0mpl3kt22MoVZJrrLu',0,NULL,NULL,NULL),(100,'Mr. Augusta Goodwin','example-99@railstutorial.org','2015-02-06 06:30:44','2015-02-06 06:30:44','$2a$10$DAkufdarSSOWXkuX9diMD.3u1PCS/uQx3vTV.X0QEwH/Is9jbkUGG',NULL,0,'$2a$10$QekOmrq4hVTeh5oo/p4pZezhk/Nj65C.jJGrODnBVVoRBRhSU5lea',0,NULL,NULL,NULL),(101,'man','haminhman2011@gmail.com','2015-02-06 07:36:04','2015-02-06 07:38:05','$2a$10$7ISHB2lm1r1T.5vdfn7AfuyX4FEajKGEyk4TWIHbLgZc3x5apIA4m',NULL,0,'$2a$10$.qj0SSNfHV8R52tWvb.krOId5s3vL35u0zRP3NInVmdpZg2gzRdoy',1,'2015-02-06 07:38:05',NULL,NULL),(102,'minh','lamgiahuy2011@gmail.com','2015-02-06 07:37:41','2015-02-06 07:37:41','$2a$10$pmuK1irx7cL6g5.aYVKFNeideL.G4bYXmK.E/7R1yrYahzCEbo98y',NULL,0,'$2a$10$ix022Ll4t83mg462oI7lBOnKg6rA2.PqRZocXV9Ng3wG6SDA4E.2e',0,NULL,NULL,NULL),(103,'minh','hongoanh161094@gmail.com','2015-02-06 09:35:22','2015-02-06 09:35:22','$2a$10$HRauB.4fcXyoU3AQ4xOBwefCVKNf5O58LhGuzh3Nx58AWD6V5N5Xe',NULL,0,'$2a$10$EPpB6lKQp0G4.hPsJseMCOw5IhB4lcwUaXuFr89EmTuqC8WkQxEhu',0,NULL,NULL,NULL),(104,'man','npd1111059@gmail.com','2015-02-06 09:44:22','2015-02-06 09:45:13','$2a$10$3rXTfKsTzaG3lzhjrq0XC.jU/GZUMwKmQef49pXN/W2Xqz9D7Ow96',NULL,0,'$2a$10$UL5A19FhRU0n6AdVz9/kGe.pnVrDvqTPEOkN/9bxccZu8kRLRd2mS',1,'2015-02-06 09:45:13',NULL,NULL),(105,'man','anman@gmail.com','2015-02-07 03:32:33','2015-02-07 03:32:33','$2a$10$JVd2ciZSUQWIFBD3HVGqwOdG49g0iaZwy8H9vFcpOo.eERCnYLTfW',NULL,0,'$2a$10$GH3Ce984ZswTJRm2B80tCuf7bCnG/x2A3bwL94HBSOL/n7Wr17Y/q',0,NULL,NULL,NULL);
/*!40000 ALTER TABLE `users` ENABLE KEYS */;
UNLOCK TABLES;
/*!40103 SET TIME_ZONE=@OLD_TIME_ZONE */;

/*!40101 SET SQL_MODE=@OLD_SQL_MODE */;
/*!40014 SET FOREIGN_KEY_CHECKS=@OLD_FOREIGN_KEY_CHECKS */;
/*!40014 SET UNIQUE_CHECKS=@OLD_UNIQUE_CHECKS */;
/*!40101 SET CHARACTER_SET_CLIENT=@OLD_CHARACTER_SET_CLIENT */;
/*!40101 SET CHARACTER_SET_RESULTS=@OLD_CHARACTER_SET_RESULTS */;
/*!40101 SET COLLATION_CONNECTION=@OLD_COLLATION_CONNECTION */;
/*!40111 SET SQL_NOTES=@OLD_SQL_NOTES */;

-- Dump completed on 2015-02-09 13:13:05
